"SurveyResponseID","AnswerNumber","AnswerYN","AmenityType"
3184629,171,"Yes","Accommodation"
3184690,137,"Yes","Accommodation"
3184649,151,"Yes","Accommodation"
3184715,155,"Yes","Accommodation"
3184695,148,"Yes","Accommodation"
3184632,131,"Yes","Accommodation"
3184652,150,"Yes","Accommodation"
3184683,154,"Yes","Accommodation"
3184660,155,"Yes","Accommodation"
3184727,156,"Yes","Accommodation"
3184702,138,"Yes","Transport"
3184746,126,"Yes","Accommodation"
3184715,156,"Yes","Transport"
3184773,155,"Yes","Accommodation"
3184773,156,"Yes","Transport"
3184796,126,"Yes","Accommodation"
3184629,172,"Yes","Activities"
3184830,138,"Yes","Activities"
3184848,164,"Yes","Accommodation"
3184610,131,"Yes","Activities"
3184817,144,"Yes","Activities"
3184778,141,"Yes","Accommodation"
3184830,137,"Yes","Accommodation"
3184850,122,"Yes","Transport"
3184966,148,"Yes","Accommodation"
3184866,131,"Yes","Accommodation"
3184796,127,"Yes","Transport"
3184849,147,"Yes","Accommodation"
3184891,140,"Yes","Accommodation"
3185050,151,"Yes","Accommodation"
3185018,133,"Yes","Activities"
3184959,154,"Yes","Activities"
3184964,128,"Yes","Transport"
3185003,133,"Yes","Accommodation"
3184941,151,"Yes","Accommodation"
3184909,139,"Yes","Accommodation"
3185086,168,"Yes","Accommodation"
3184818,136,"Yes","Activities"
3185025,149,"Yes","Activities"
3185134,138,"Yes","Transport"
3185153,135,"Yes","Accommodation"
3185134,137,"Yes","Accommodation"
3185136,143,"Yes","Accommodation"
3185367,161,"Yes","Activities"
3184794,158,"Yes","Transport"
3185119,145,"Yes","Accommodation"
3185235,168,"Yes","Activities"
3185302,150,"Yes","Activities"
3185334,130,"Yes","Accommodation"
3185370,151,"Yes","Activities"
3185270,125,"Yes","Accommodation"
3185317,142,"Yes","Accommodation"
3185352,125,"Yes","Accommodation"
3185437,135,"Yes","Accommodation"
3185252,143,"Yes","Activities"
3185317,143,"Yes","Activities"
3185044,141,"Yes","Accommodation"
3185352,126,"Yes","Transport"
3185636,142,"Yes","Accommodation"
3185637,150,"Yes","Accommodation"
3185686,142,"Yes","Accommodation"
3185145,143,"Yes","Accommodation"
3185162,130,"Yes","Accommodation"
3185045,141,"Yes","Accommodation"
3185687,146,"Yes","Accommodation"
3185722,155,"Yes","Accommodation"
3185133,120,"Yes","Transport"
3185704,153,"Yes","Accommodation"
3185755,132,"Yes","Accommodation"
3185005,165,"Yes","Transport"
3185785,140,"Yes","Accommodation"
3185769,148,"Yes","Accommodation"
3185803,138,"Yes","Accommodation"
3185819,158,"Yes","Accommodation"
3185872,138,"Yes","Accommodation"
3185704,154,"Yes","Activities"
3185952,142,"Yes","Activities"
3185195,146,"Yes","Accommodation"
3184765,133,"Yes","Activities"
3184815,120,"Yes","Activities"
3185970,145,"Yes","Accommodation"
3186103,158,"Yes","Accommodation"
3186187,151,"Yes","Accommodation"
3185921,134,"Yes","Accommodation"
3185064,140,"Yes","Accommodation"
3186155,144,"Yes","Accommodation"
3185078,125,"Yes","Activities"
3185854,143,"Yes","Activities"
3185971,159,"Yes","Accommodation"
3184947,139,"Yes","Accommodation"
3186003,123,"Yes","Transport"
3184795,159,"Yes","Accommodation"
3186154,125,"Yes","Activities"
3186172,150,"Yes","Activities"
3186189,139,"Yes","Accommodation"
3186190,140,"Yes","Accommodation"
3184820,129,"Yes","Activities"
3186691,169,"No","All"
3186056,159,"Yes","Accommodation"
3184822,152,"Yes","Accommodation"
3184895,138,"Yes","Accommodation"
3186505,191,"Yes","Accommodation"
3185064,141,"Yes","Activities"
3186605,149,"Yes","Activities"
3185005,166,"Yes","Activities"
3186474,141,"No","All"
3185022,144,"Yes","Transport"
3186587,135,"Yes","Accommodation"
3186605,148,"Yes","Accommodation"
3185148,139,"Yes","Accommodation"
3186072,136,"Yes","Activities"
3186757,149,"Yes","Activities"
3185107,139,"Yes","Accommodation"
3185260,155,"Yes","Accommodation"
3185098,140,"Yes","Accommodation"
3185228,124,"Yes","Accommodation"
3187008,145,"Yes","Accommodation"
3185107,140,"Yes","Activities"
3185230,152,"Yes","Activities"
3187156,144,"Yes","Accommodation"
3185207,141,"Yes","Accommodation"
3185245,153,"Yes","Activities"
3185362,132,"Yes","Activities"
3185292,135,"Yes","Accommodation"
3185138,139,"Yes","Transport"
3187022,159,"Yes","Accommodation"
3187122,143,"Yes","Accommodation"
3187139,137,"Yes","Accommodation"
3187073,150,"Yes","Accommodation"
3187089,160,"Yes","Accommodation"
3185174,140,"Yes","Transport"
3187258,148,"Yes","Accommodation"
3187223,140,"Yes","Transport"
3185188,146,"Yes","Accommodation"
3187292,141,"Yes","Transport"
3185197,149,"Yes","Accommodation"
3185199,145,"Yes","Accommodation"
3187458,135,"Yes","Accommodation"
3187426,145,"Yes","Accommodation"
3185190,157,"Yes","Accommodation"
3187443,134,"Yes","Accommodation"
3187508,134,"Yes","Accommodation"
3187491,151,"Yes","Transport"
3185206,150,"Yes","Accommodation"
3185247,134,"Yes","Accommodation"
3185396,153,"Yes","Accommodation"
3185428,134,"Yes","Accommodation"
3187592,132,"Yes","Transport"
3187676,135,"Yes","Accommodation"
3185374,155,"Yes","Transport"
3185428,135,"Yes","Transport"
3187607,154,"Yes","Transport"
3187660,132,"Yes","Accommodation"
3187691,144,"Yes","Accommodation"
3185297,146,"Yes","Accommodation"
3187927,116,"No","All"
3185375,138,"Yes","Activities"
3185462,127,"Yes","Accommodation"
3185296,146,"Yes","Accommodation"
3185382,129,"Yes","Accommodation"
3185457,138,"Yes","Accommodation"
3185565,139,"Yes","Accommodation"
3185491,136,"Yes","Accommodation"
3185622,133,"Yes","Accommodation"
3185592,133,"Yes","Accommodation"
3185782,129,"Yes","Accommodation"
3187810,152,"Yes","Accommodation"
3187843,118,"Yes","Transport"
3185594,144,"Yes","Accommodation"
3185840,170,"Yes","Accommodation"
3185881,149,"Yes","Accommodation"
3185461,132,"Yes","Activities"
3185674,165,"Yes","Activities"
3185806,146,"Yes","Accommodation"
3185868,140,"Yes","Accommodation"
3185909,170,"Yes","Accommodation"
3185556,130,"Yes","Activities"
3188526,131,"No","All"
3185712,161,"Yes","Transport"
3185950,148,"Yes","Accommodation"
3185730,139,"Yes","Accommodation"
3185909,171,"Yes","Activities"
3188596,130,"Yes","Activities"
3185924,165,"Yes","Accommodation"
3185940,139,"Yes","Accommodation"
3185860,126,"Yes","Activities"
3189279,159,"No","All"
3188862,159,"Yes","Accommodation"
3185914,144,"Yes","Accommodation"
3185712,160,"Yes","Accommodation"
3188328,155,"Yes","Transport"
3185898,156,"Yes","Accommodation"
3188713,192,"Yes","Accommodation"
3187139,138,"Yes","Activities"
3188963,205,"No","All"
3185923,140,"Yes","Transport"
3189030,168,"Yes","Accommodation"
3186045,139,"Yes","Accommodation"
3188546,138,"Yes","Accommodation"
3186030,125,"Yes","Accommodation"
3189363,140,"Yes","Activities"
3186101,134,"Yes","Activities"
3188593,145,"Yes","Accommodation"
3188693,148,"Yes","Accommodation"
3185348,129,"Yes","Activities"
3185923,141,"Yes","Activities"
3185973,147,"Yes","Accommodation"
3185980,143,"Yes","Transport"
3189363,139,"Yes","Transport"
3186040,121,"Yes","Accommodation"
3186101,133,"Yes","Accommodation"
3189363,138,"Yes","Accommodation"
3189029,154,"No","All"
3186040,122,"Yes","Activities"
3186098,136,"Yes","Accommodation"
3186098,137,"Yes","Transport"
3186178,131,"Yes","Transport"
3189462,175,"No","All"
3189933,176,"Yes","Activities"
3186233,135,"Yes","Activities"
3189933,174,"Yes","Accommodation"
3186597,150,"Yes","Accommodation"
3188693,149,"Yes","Activities"
3186619,127,"Yes","Activities"
3186162,153,"Yes","Transport"
3186599,133,"Yes","Accommodation"
3190234,177,"No","All"
3186778,183,"Yes","Accommodation"
3190516,126,"Yes","Accommodation"
3186035,150,"Yes","Accommodation"
3186083,141,"Yes","Accommodation"
3186233,134,"Yes","Accommodation"
3189933,175,"Yes","Transport"
3186041,151,"Yes","Transport"
3190498,138,"Yes","Accommodation"
3190732,157,"No","All"
3186216,167,"No","All"
3186778,185,"Yes","Activities"
3186630,140,"No","All"
3190281,172,"Yes","Accommodation"
3190483,178,"No","All"
3190516,127,"Yes","Activities"
3190518,159,"No","All"
3186041,152,"Yes","Activities"
3186778,184,"Yes","Transport"
3186869,137,"Yes","Transport"
3186066,113,"Yes","Accommodation"
3190800,189,"Yes","Accommodation"
3190918,147,"Yes","Accommodation"
3191019,161,"Yes","Accommodation"
3186631,119,"Yes","Accommodation"
3186486,131,"Yes","Accommodation"
3187037,157,"Yes","Accommodation"
3190768,158,"Yes","Accommodation"
3187051,132,"Yes","Accommodation"
3190900,149,"Yes","Accommodation"
3190951,182,"Yes","Accommodation"
3190498,139,"Yes","Activities"
3186900,150,"Yes","Activities"
3186545,122,"No","All"
3186911,151,"Yes","Activities"
3191503,139,"Yes","Activities"
3191752,134,"Yes","Activities"
3191001,161,"Yes","Accommodation"
3186900,149,"Yes","Accommodation"
3191335,161,"Yes","Accommodation"
3191336,151,"Yes","Accommodation"
3191487,135,"Yes","Accommodation"
3191183,140,"Yes","Accommodation"
3191217,134,"Yes","Accommodation"
3186879,142,"Yes","Accommodation"
3191352,130,"Yes","Accommodation"
3191536,150,"Yes","Accommodation"
3191588,137,"Yes","Accommodation"
3192155,232,"Yes","Transport"
3192221,165,"Yes","Accommodation"
3186868,143,"Yes","Accommodation"
3186950,156,"Yes","Accommodation"
3191368,152,"Yes","Accommodation"
3191434,146,"Yes","Accommodation"
3191435,141,"Yes","Accommodation"
3191451,138,"Yes","Activities"
3191553,144,"Yes","Activities"
3191485,150,"Yes","Accommodation"
3191986,126,"Yes","Activities"
3191403,149,"Yes","Activities"
3191602,143,"Yes","Activities"
3191553,143,"Yes","Accommodation"
3187160,136,"Yes","Accommodation"
3192153,182,"Yes","Accommodation"
3191971,194,"No","All"
3192155,233,"Yes","Activities"
3186982,138,"Yes","Accommodation"
3191803,154,"Yes","Transport"
3187065,141,"Yes","Accommodation"
3187029,145,"Yes","Accommodation"
3192155,231,"Yes","Accommodation"
3186961,134,"Yes","Accommodation"
3192153,183,"Yes","Activities"
3192271,164,"No","All"
3192406,125,"Yes","Accommodation"
3187152,152,"Yes","Accommodation"
3192456,212,"Yes","Accommodation"
3192523,141,"Yes","Accommodation"
3187160,137,"Yes","Transport"
3192657,129,"Yes","Accommodation"
3187017,137,"Yes","Activities"
3192456,214,"Yes","Activities"
3192221,166,"Yes","Activities"
3187013,133,"Yes","Activities"
3187067,132,"Yes","Activities"
3192456,213,"Yes","Transport"
3192975,166,"Yes","Transport"
3193006,242,"Yes","Accommodation"
3193040,149,"Yes","Accommodation"
3193075,179,"Yes","Accommodation"
3192741,189,"Yes","Accommodation"
3193040,150,"Yes","Transport"
3187238,141,"Yes","Accommodation"
3187416,133,"Yes","Accommodation"
3187018,144,"Yes","Activities"
3192858,133,"No","All"
3187133,135,"Yes","Transport"
3192975,165,"Yes","Accommodation"
3193075,181,"Yes","Activities"
3187278,149,"Yes","Activities"
3187217,138,"Yes","Accommodation"
3193443,123,"Yes","Accommodation"
3193526,143,"Yes","Accommodation"
3192974,141,"Yes","Activities"
3192975,167,"Yes","Activities"
3187160,138,"Yes","Activities"
3193040,151,"Yes","Activities"
3187099,133,"Yes","Transport"
3193075,180,"Yes","Transport"
3187254,136,"Yes","Activities"
3193476,151,"No","All"
3187250,133,"Yes","Accommodation"
3193122,163,"Yes","Activities"
3193894,140,"Yes","Activities"
3187163,162,"Yes","Accommodation"
3193122,162,"Yes","Accommodation"
3193258,158,"Yes","Accommodation"
3187355,141,"Yes","Accommodation"
3193592,161,"Yes","Accommodation"
3193627,146,"Yes","Accommodation"
3187251,149,"Yes","Accommodation"
3187264,153,"Yes","Accommodation"
3193540,135,"Yes","Accommodation"
3193623,135,"Yes","Accommodation"
3187532,127,"Yes","Accommodation"
3193692,126,"Yes","Accommodation"
3193941,131,"Yes","Accommodation"
3187567,154,"Yes","Accommodation"
3194075,136,"Yes","Transport"
3194077,145,"Yes","Accommodation"
3193690,163,"Yes","Accommodation"
3193910,159,"Yes","Accommodation"
3193942,135,"Yes","Transport"
3193978,160,"Yes","Transport"
3194060,154,"Yes","Transport"
3187602,136,"Yes","Accommodation"
3187193,150,"Yes","Activities"
3194145,150,"Yes","Activities"
3194161,154,"Yes","Accommodation"
3187369,143,"Yes","Accommodation"
3194277,164,"Yes","Accommodation"
3187421,142,"Yes","Accommodation"
3194175,137,"Yes","Transport"
3194260,124,"Yes","Accommodation"
3187394,146,"Yes","Accommodation"
3187396,149,"Yes","Activities"
3187421,143,"Yes","Activities"
3187403,153,"Yes","Accommodation"
3187455,149,"Yes","Accommodation"
3193959,134,"Yes","Transport"
3194193,144,"Yes","Accommodation"
3187396,148,"Yes","Accommodation"
3187261,146,"Yes","Accommodation"
3194261,138,"Yes","Activities"
3187587,158,"Yes","Activities"
3187546,150,"Yes","Accommodation"
3187868,130,"Yes","Accommodation"
3187288,155,"Yes","Accommodation"
3187652,148,"Yes","Accommodation"
3187496,148,"Yes","Accommodation"
3187633,148,"Yes","Activities"
3187513,142,"Yes","Activities"
3187489,133,"Yes","Transport"
3187363,141,"Yes","Accommodation"
3187589,141,"Yes","Accommodation"
3187347,133,"Yes","Transport"
3187639,138,"Yes","Accommodation"
3187878,174,"Yes","Accommodation"
3188116,157,"Yes","Accommodation"
3187469,148,"Yes","Activities"
3188091,167,"No","All"
3187630,139,"Yes","Accommodation"
3187511,149,"Yes","Accommodation"
3187878,175,"Yes","Transport"
3188434,193,"Yes","Accommodation"
3188089,128,"No","All"
3188116,158,"Yes","Activities"
3187855,175,"Yes","Accommodation"
3187672,155,"Yes","Accommodation"
3187679,134,"Yes","Accommodation"
3188375,182,"Yes","Accommodation"
3188400,138,"Yes","Accommodation"
3188375,183,"Yes","Activities"
3187606,136,"Yes","Activities"
3188501,134,"Yes","Accommodation"
3187739,130,"Yes","Activities"
3187536,132,"Yes","Activities"
3187672,156,"Yes","Activities"
3187736,121,"Yes","Activities"
3188569,146,"Yes","Accommodation"
3187681,141,"Yes","Activities"
3188569,147,"Yes","Activities"
3188575,136,"Yes","Activities"
3188591,156,"Yes","Activities"
3187878,176,"Yes","Activities"
3187790,190,"Yes","Activities"
3188505,127,"Yes","Transport"
3187790,189,"Yes","Accommodation"
3188619,145,"Yes","Accommodation"
3188214,149,"No","All"
3187888,141,"Yes","Activities"
3188129,124,"No","All"
3188174,127,"No","All"
3187974,164,"Yes","Accommodation"
3188024,173,"Yes","Accommodation"
3188982,127,"Yes","Accommodation"
3188735,148,"Yes","Accommodation"
3187974,165,"Yes","Transport"
3188735,149,"Yes","Transport"
3188887,142,"Yes","Accommodation"
3188735,150,"Yes","Activities"
3188238,184,"Yes","Activities"
3188887,144,"Yes","Activities"
3188340,167,"Yes","Activities"
3188238,183,"Yes","Transport"
3188340,166,"Yes","Accommodation"
3188517,126,"Yes","Accommodation"
3188188,137,"Yes","Accommodation"
3188238,182,"Yes","Accommodation"
3188506,143,"Yes","Accommodation"
3188506,144,"Yes","Activities"
3189572,167,"Yes","Activities"
3188887,143,"Yes","Transport"
3188565,150,"Yes","Accommodation"
3188740,176,"Yes","Accommodation"
3188908,128,"Yes","Accommodation"
3188592,154,"Yes","Accommodation"
3189373,166,"Yes","Accommodation"
3189591,156,"Yes","Accommodation"
3188540,127,"Yes","Activities"
3189017,159,"Yes","Activities"
3188740,177,"Yes","Activities"
3188951,180,"Yes","Activities"
3188951,179,"Yes","Accommodation"
3189741,145,"Yes","Accommodation"
3189040,166,"Yes","Accommodation"
3189017,157,"Yes","Accommodation"
3189741,147,"Yes","Activities"
3189042,148,"Yes","Activities"
3189255,175,"No","All"
3189140,139,"Yes","Activities"
3189017,158,"Yes","Transport"
3189756,164,"Yes","Accommodation"
3189818,136,"Yes","Accommodation"
3189042,147,"Yes","Accommodation"
3189756,165,"Yes","Transport"
3189818,137,"Yes","Transport"
3189183,122,"Yes","Accommodation"
3189741,146,"Yes","Transport"
3189260,190,"Yes","Accommodation"
3189326,162,"Yes","Accommodation"
3189369,152,"Yes","Accommodation"
3190093,174,"Yes","Accommodation"
3190102,138,"Yes","Accommodation"
3189756,166,"Yes","Activities"
3190018,190,"Yes","Activities"
3189210,121,"No","All"
3189360,134,"Yes","Activities"
3190140,140,"Yes","Accommodation"
3190168,164,"Yes","Accommodation"
3189869,169,"Yes","Accommodation"
3190261,180,"Yes","Accommodation"
3189896,125,"Yes","Accommodation"
3190497,139,"Yes","Activities"
3190579,184,"Yes","Activities"
3190192,183,"Yes","Activities"
3190502,152,"Yes","Activities"
3190163,181,"No","All"
3190261,182,"Yes","Activities"
3190479,180,"Yes","Accommodation"
3190497,138,"Yes","Transport"
3190502,151,"Yes","Accommodation"
3190527,148,"Yes","Accommodation"
3190497,137,"Yes","Accommodation"
3190224,158,"Yes","Accommodation"
3190026,139,"Yes","Activities"
3190722,147,"Yes","Activities"
3190261,181,"Yes","Transport"
3190711,146,"Yes","Accommodation"
3190275,134,"Yes","Accommodation"
3190078,141,"Yes","Accommodation"
3190711,147,"Yes","Transport"
3190260,192,"Yes","Accommodation"
3190926,151,"No","All"
3191125,235,"Yes","Activities"
3190221,149,"Yes","Accommodation"
3191199,126,"Yes","Accommodation"
3191125,233,"Yes","Accommodation"
3190924,128,"Yes","Accommodation"
3190260,193,"Yes","Transport"
3191125,234,"Yes","Transport"
3191363,131,"Yes","Accommodation"
3191243,135,"Yes","Activities"
3191372,152,"Yes","Activities"
3190260,194,"Yes","Activities"
3191242,143,"Yes","Activities"
3191278,136,"Yes","Accommodation"
3190571,189,"Yes","Accommodation"
3190589,131,"Yes","Accommodation"
3191158,129,"Yes","Accommodation"
3191208,135,"Yes","Accommodation"
3191227,170,"Yes","Accommodation"
3191260,151,"Yes","Accommodation"
3191372,151,"Yes","Accommodation"
3191399,141,"Yes","Accommodation"
3191542,138,"Yes","Accommodation"
3191325,162,"Yes","Accommodation"
3191547,148,"Yes","Accommodation"
3191329,134,"Yes","Accommodation"
3190746,137,"Yes","Accommodation"
3190648,118,"Yes","Transport"
3190907,190,"Yes","Accommodation"
3191395,122,"Yes","Accommodation"
3190896,194,"Yes","Accommodation"
3191617,126,"Yes","Activities"
3191662,146,"Yes","Activities"
3191667,138,"Yes","Accommodation"
3189956,166,"No","All"
3191610,147,"Yes","Activities"
3191444,141,"Yes","Accommodation"
3191560,132,"Yes","Accommodation"
3191576,132,"Yes","Accommodation"
3191801,127,"Yes","Accommodation"
3190571,190,"Yes","Activities"
3191983,189,"No","All"
3191629,166,"Yes","Accommodation"
3191662,145,"Yes","Transport"
3191680,148,"Yes","Accommodation"
3191949,150,"Yes","Accommodation"
3191677,158,"Yes","Accommodation"
3191781,136,"Yes","Transport"
3191780,143,"Yes","Transport"
3191116,132,"Yes","Accommodation"
3191728,152,"Yes","Accommodation"
3192096,171,"Yes","Accommodation"
3192379,143,"Yes","Accommodation"
3192149,141,"Yes","Accommodation"
3191779,138,"Yes","Accommodation"
3192837,121,"No","All"
3192379,145,"Yes","Activities"
3191164,132,"Yes","Accommodation"
3191173,132,"Yes","Accommodation"
3191626,157,"Yes","Transport"
3192179,139,"Yes","Transport"
3192760,106,"Yes","Accommodation"
3192810,135,"No","All"
3192953,180,"No","All"
3190677,153,"Yes","Activities"
3192428,210,"Yes","Activities"
3191680,149,"Yes","Activities"
3192432,120,"No","All"
3192428,208,"Yes","Accommodation"
3192428,209,"Yes","Transport"
3191196,147,"Yes","Accommodation"
3192942,119,"Yes","Accommodation"
3192379,144,"Yes","Transport"
3192382,174,"Yes","Accommodation"
3191173,133,"Yes","Transport"
3192549,190,"Yes","Accommodation"
3192746,160,"Yes","Accommodation"
3192782,179,"Yes","Accommodation"
3191223,124,"Yes","Accommodation"
3191257,129,"Yes","Accommodation"
3192848,141,"Yes","Activities"
3191296,138,"Yes","Activities"
3191425,143,"Yes","Activities"
3191514,150,"Yes","Activities"
3191314,152,"Yes","Transport"
3193017,149,"Yes","Accommodation"
3191466,139,"Yes","Accommodation"
3191514,149,"Yes","Accommodation"
3191330,138,"Yes","Accommodation"
3191480,135,"Yes","Accommodation"
3191464,130,"Yes","Accommodation"
3193619,141,"Yes","Accommodation"
3191625,142,"Yes","Accommodation"
3191555,156,"Yes","Accommodation"
3191639,135,"Yes","Accommodation"
3193333,196,"No","All"
3193516,135,"Yes","Activities"
3191759,152,"Yes","Transport"
3193598,144,"Yes","Accommodation"
3191675,151,"Yes","Transport"
3193481,131,"Yes","Accommodation"
3193531,131,"Yes","Accommodation"
3193533,131,"Yes","Accommodation"
3191993,153,"Yes","Accommodation"
3193300,164,"Yes","Accommodation"
3193666,162,"Yes","Accommodation"
3193682,152,"Yes","Accommodation"
3193684,142,"Yes","Accommodation"
3193269,200,"No","All"
3192152,142,"Yes","Activities"
3192250,152,"Yes","Accommodation"
3193705,155,"Yes","Accommodation"
3193481,132,"Yes","Transport"
3193702,138,"Yes","Accommodation"
3192000,143,"Yes","Accommodation"
3191675,152,"Yes","Activities"
3192177,197,"Yes","Activities"
3192152,141,"Yes","Accommodation"
3193739,158,"Yes","Accommodation"
3193632,147,"Yes","Transport"
3193716,160,"Yes","Accommodation"
3193696,141,"Yes","Accommodation"
3193705,156,"Yes","Transport"
3193983,147,"Yes","Transport"
3193848,146,"Yes","Accommodation"
3193901,141,"Yes","Accommodation"
3193983,148,"Yes","Activities"
3192327,168,"Yes","Activities"
3193986,149,"Yes","Activities"
3192341,205,"No","All"
3192327,166,"Yes","Accommodation"
3193973,157,"Yes","Accommodation"
3192327,167,"Yes","Transport"
3193903,143,"Yes","Accommodation"
3193948,133,"Yes","Accommodation"
3193962,156,"Yes","Accommodation"
3193567,144,"Yes","Activities"
3193973,159,"Yes","Activities"
3193952,138,"Yes","Transport"
3192486,179,"Yes","Transport"
3193982,131,"Yes","Accommodation"
3193987,148,"Yes","Accommodation"
3192486,178,"Yes","Accommodation"
3194048,144,"Yes","Accommodation"
3193973,158,"Yes","Transport"
3194134,143,"Yes","Accommodation"
3194068,150,"Yes","Accommodation"
3194146,151,"Yes","Transport"
3192650,204,"Yes","Accommodation"
3192518,134,"Yes","Accommodation"
3194112,149,"Yes","Accommodation"
3194073,144,"Yes","Activities"
3192879,171,"Yes","Activities"
3194291,142,"Yes","Accommodation"
3193002,149,"Yes","Accommodation"
3192895,156,"Yes","Accommodation"
3194237,134,"Yes","Accommodation"
3192879,170,"Yes","Accommodation"
3193034,176,"Yes","Accommodation"
3193120,146,"Yes","Accommodation"
3193034,177,"Yes","Transport"
3193361,161,"Yes","Accommodation"
3193939,139,"Yes","Activities"
3193034,178,"Yes","Activities"
3193563,153,"Yes","Accommodation"
3193497,143,"Yes","Accommodation"
3193513,133,"Yes","Accommodation"
3193229,152,"No","All"
3193361,162,"Yes","Activities"
3193745,152,"Yes","Accommodation"
3193901,142,"Yes","Activities"
3193711,142,"Yes","Accommodation"
3193654,147,"Yes","Activities"
3193804,147,"Yes","Activities"
3193697,159,"Yes","Activities"
3193897,165,"Yes","Activities"
3194124,149,"Yes","Activities"
3192793,129,"No","All"
3194229,148,"Yes","Activities"
3194006,132,"Yes","Accommodation"
3193920,147,"Yes","Accommodation"
3193738,140,"Yes","Transport"
3194113,159,"Yes","Accommodation"
3194122,153,"Yes","Accommodation"
3193922,138,"Yes","Accommodation"
3193286,171,"No","All"
3461392,161,"No","All"
3338470,149,"Yes","Accommodation"
3461524,159,"Yes","Activities"
3461725,131,"Yes","Activities"
3461542,130,"Yes","Activities"
3461726,140,"Yes","Activities"
3461542,129,"Yes","Accommodation"
3461543,177,"Yes","Accommodation"
3461692,164,"Yes","Accommodation"
3461860,161,"Yes","Accommodation"
3461876,129,"Yes","Accommodation"
3462296,170,"Yes","Accommodation"
3461862,150,"Yes","Accommodation"
3461844,147,"Yes","Activities"
3462278,131,"No","All"
3462861,164,"Yes","Accommodation"
3461509,144,"Yes","Transport"
3462680,174,"Yes","Accommodation"
3461827,150,"Yes","Activities"
3462594,191,"Yes","Activities"
3462946,155,"No","All"
3462979,118,"No","All"
3462677,162,"Yes","Accommodation"
3461892,134,"Yes","Accommodation"
3462478,172,"Yes","Accommodation"
3462680,175,"Yes","Activities"
3462861,166,"Yes","Activities"
3463580,202,"Yes","Activities"
3463731,165,"Yes","Activities"
3463766,155,"Yes","Accommodation"
3463580,201,"Yes","Accommodation"
3465103,135,"Yes","Accommodation"
3462861,165,"Yes","Transport"
3465103,136,"Yes","Transport"
3466304,193,"Yes","Accommodation"
3463766,156,"Yes","Transport"
3466156,178,"Yes","Accommodation"
3464149,153,"No","All"
3465387,307,"No","All"
3465103,137,"Yes","Activities"
3466307,179,"Yes","Activities"
3465086,154,"Yes","Activities"
3466505,148,"Yes","Activities"
3466523,170,"Yes","Accommodation"
3466523,172,"Yes","Activities"
3466657,175,"Yes","Activities"
3466307,177,"Yes","Accommodation"
3466539,139,"No","All"
3471051,181,"No","All"
3466523,171,"Yes","Transport"
3470951,152,"Yes","Accommodation"
3466304,194,"Yes","Transport"
3471185,160,"Yes","Accommodation"
3470951,153,"Yes","Activities"
3471168,204,"Yes","Activities"
3471185,161,"Yes","Transport"
3471402,199,"Yes","Transport"
3466307,178,"Yes","Transport"
3471402,198,"Yes","Accommodation"
3471336,139,"Yes","Accommodation"
3471419,173,"Yes","Accommodation"
3471402,200,"Yes","Activities"
3471655,163,"Yes","Activities"
3471454,180,"Yes","Activities"
3471455,141,"Yes","Activities"
3471419,174,"Yes","Transport"
3471839,151,"Yes","Transport"
3471285,230,"Yes","Activities"
3471839,152,"Yes","Activities"
3471655,162,"Yes","Transport"
3471787,143,"Yes","Accommodation"
3471887,129,"Yes","Accommodation"
3471655,161,"Yes","Accommodation"
3471219,184,"No","All"
3472039,216,"Yes","Activities"
3472039,214,"Yes","Accommodation"
3472039,215,"Yes","Transport"
3472524,141,"Yes","Accommodation"
3472471,140,"Yes","Accommodation"
3472521,140,"Yes","Accommodation"
3471836,155,"No","All"
3472471,141,"Yes","Activities"
3471471,138,"Yes","Activities"
3496022,170,"Yes","Activities"
3471887,130,"Yes","Activities"
3495986,146,"Yes","Activities"
3495986,144,"Yes","Accommodation"
3496022,169,"Yes","Accommodation"
3472657,147,"Yes","Activities"
3496924,129,"No","All"
3496624,124,"Yes","Accommodation"
3496823,144,"Yes","Accommodation"
3496888,152,"Yes","Accommodation"
3495986,145,"Yes","Transport"
3497106,129,"Yes","Accommodation"
3497225,128,"Yes","Accommodation"
3497257,154,"Yes","Accommodation"
3497606,155,"Yes","Accommodation"
3497590,156,"Yes","Accommodation"
3496889,151,"Yes","Activities"
3497224,138,"Yes","Activities"
3496838,150,"Yes","Activities"
3497172,140,"Yes","Activities"
3497707,136,"Yes","Accommodation"
3497709,139,"Yes","Accommodation"
3497610,143,"Yes","Accommodation"
3497723,151,"Yes","Accommodation"
3497726,145,"Yes","Accommodation"
3497777,128,"Yes","Activities"
3502506,173,"No","All"
3496774,147,"No","All"
3502436,173,"Yes","Activities"
3497723,152,"Yes","Transport"
3497760,131,"Yes","Accommodation"
3497707,137,"Yes","Activities"
3502538,130,"Yes","Activities"
3502436,172,"Yes","Accommodation"
3502522,133,"Yes","Accommodation"
3503307,166,"Yes","Activities"
3503341,169,"Yes","Activities"
3497609,148,"Yes","Transport"
3503341,167,"Yes","Accommodation"
3503307,165,"Yes","Accommodation"
3503322,138,"Yes","Accommodation"
3497777,127,"Yes","Transport"
3503673,186,"Yes","Transport"
3503673,185,"Yes","Accommodation"
3523010,184,"Yes","Accommodation"
3503341,168,"Yes","Transport"
3523697,177,"Yes","Accommodation"
3503424,142,"Yes","Activities"
3523697,179,"Yes","Activities"
3503290,160,"No","All"
3523194,144,"No","All"
3524784,157,"Yes","Accommodation"
3524817,173,"Yes","Accommodation"
3523863,179,"Yes","Accommodation"
3503673,187,"Yes","Activities"
3523863,180,"Yes","Activities"
3523010,185,"Yes","Activities"
3524784,159,"Yes","Activities"
3338529,143,"Yes","Accommodation"
3524784,158,"Yes","Transport"
3338550,143,"Yes","Transport"
3338446,128,"Yes","Accommodation"
3338550,142,"Yes","Accommodation"
3338961,164,"Yes","Accommodation"
3461404,139,"Yes","Accommodation"
3461447,144,"Yes","Accommodation"
3461429,143,"Yes","Accommodation"
3461463,143,"Yes","Accommodation"
3338550,144,"Yes","Activities"
3338446,129,"Yes","Activities"
3338529,144,"Yes","Transport"
3338950,155,"Yes","Accommodation"
3461538,129,"Yes","Accommodation"
3461545,161,"Yes","Accommodation"
3523697,178,"Yes","Transport"
3461531,158,"Yes","Accommodation"
3461613,142,"Yes","Accommodation"
3461451,152,"Yes","Accommodation"
3461397,185,"No","All"
3461772,124,"No","All"
3461483,143,"Yes","Transport"
3461485,146,"Yes","Transport"
3461697,131,"Yes","Accommodation"
3461486,163,"Yes","Accommodation"
3461731,151,"Yes","Accommodation"
3338529,145,"Yes","Activities"
3462340,150,"Yes","Activities"
3338516,159,"Yes","Activities"
3461879,154,"Yes","Activities"
3461740,152,"Yes","Transport"
3462340,149,"Yes","Accommodation"
3461847,162,"Yes","Accommodation"
3461616,146,"Yes","Accommodation"
3461881,148,"Yes","Accommodation"
3461888,145,"Yes","Accommodation"
3461881,149,"Yes","Transport"
3461635,170,"Yes","Accommodation"
3461652,140,"Yes","Accommodation"
3462935,160,"Yes","Accommodation"
3462919,152,"Yes","Accommodation"
3462951,210,"Yes","Accommodation"
3461616,147,"Yes","Activities"
3461718,137,"Yes","Activities"
3462283,195,"Yes","Activities"
3462919,153,"Yes","Activities"
3462944,194,"No","All"
3462976,191,"Yes","Activities"
3339168,151,"Yes","Activities"
3463051,183,"No","All"
3462951,211,"Yes","Activities"
3461869,143,"Yes","Activities"
3462976,190,"Yes","Transport"
3461851,137,"Yes","Accommodation"
3461868,140,"Yes","Accommodation"
3461900,134,"Yes","Accommodation"
3461652,141,"Yes","Transport"
3462976,189,"Yes","Accommodation"
3463083,116,"Yes","Accommodation"
3462368,192,"No","All"
3463344,172,"Yes","Activities"
3462808,189,"No","All"
3463228,192,"Yes","Activities"
3462402,166,"Yes","Accommodation"
3463344,171,"Yes","Accommodation"
3462487,178,"Yes","Accommodation"
3463487,168,"Yes","Accommodation"
3463101,152,"Yes","Accommodation"
3462639,194,"Yes","Accommodation"
3462639,195,"Yes","Transport"
3338469,143,"Yes","Accommodation"
3462756,148,"Yes","Accommodation"
3462756,149,"Yes","Transport"
3462870,156,"Yes","Accommodation"
3463803,140,"Yes","Accommodation"
3462756,150,"Yes","Activities"
3462887,168,"Yes","Activities"
3462402,167,"Yes","Transport"
3462803,161,"Yes","Transport"
3463785,133,"Yes","Accommodation"
3462803,160,"Yes","Accommodation"
3463487,169,"Yes","Activities"
3463651,131,"Yes","Activities"
3461464,137,"Yes","Accommodation"
3461423,144,"Yes","Accommodation"
3462956,151,"Yes","Accommodation"
3462639,196,"Yes","Activities"
3461396,174,"Yes","Activities"
3338917,137,"Yes","Transport"
3461514,146,"Yes","Accommodation"
3338483,124,"Yes","Activities"
3463803,141,"Yes","Activities"
3464244,140,"No","All"
3461732,154,"Yes","Activities"
3464021,157,"Yes","Activities"
3464287,273,"Yes","Activities"
3461698,146,"Yes","Accommodation"
3461830,132,"Yes","Accommodation"
3461741,162,"Yes","Accommodation"
3461823,143,"Yes","Accommodation"
3463441,127,"No","All"
3462189,165,"Yes","Activities"
3461848,153,"Yes","Accommodation"
3462423,193,"Yes","Activities"
3465900,172,"No","All"
3462423,192,"Yes","Accommodation"
3465866,150,"Yes","Accommodation"
3463773,138,"Yes","Accommodation"
3463825,144,"Yes","Accommodation"
3465200,138,"Yes","Accommodation"
3465200,139,"Yes","Transport"
3462791,126,"Yes","Accommodation"
3462609,138,"Yes","Activities"
3466318,191,"Yes","Activities"
3464090,166,"Yes","Transport"
3462843,158,"Yes","Accommodation"
3465934,154,"No","All"
3462757,159,"Yes","Activities"
3464090,165,"Yes","Accommodation"
3464143,182,"Yes","Accommodation"
3466400,197,"No","All"
3464274,220,"Yes","Activities"
3466495,179,"Yes","Accommodation"
3464341,185,"Yes","Accommodation"
3462757,158,"Yes","Transport"
3466450,169,"Yes","Accommodation"
3462818,186,"Yes","Accommodation"
3464274,218,"Yes","Accommodation"
3466554,152,"Yes","Accommodation"
3463957,164,"Yes","Accommodation"
3462609,137,"Yes","Transport"
3465952,169,"Yes","Accommodation"
3464203,171,"Yes","Activities"
3464090,167,"Yes","Activities"
3462843,160,"Yes","Activities"
3464794,167,"Yes","Activities"
3464794,165,"Yes","Accommodation"
3464794,166,"Yes","Transport"
3462993,183,"Yes","Accommodation"
3463025,180,"Yes","Activities"
3466768,172,"Yes","Activities"
3464795,181,"Yes","Activities"
3465077,146,"Yes","Activities"
3463036,187,"No","All"
3466793,139,"Yes","Activities"
3466768,171,"Yes","Transport"
3465259,166,"Yes","Accommodation"
3463052,173,"Yes","Accommodation"
3464274,219,"Yes","Transport"
3466768,170,"Yes","Accommodation"
3465077,145,"Yes","Accommodation"
3471046,184,"Yes","Accommodation"
3471016,213,"Yes","Accommodation"
3462843,159,"Yes","Transport"
3471096,235,"Yes","Accommodation"
3463361,204,"Yes","Accommodation"
3471096,236,"Yes","Transport"
3471189,160,"Yes","Accommodation"
3471291,130,"Yes","Accommodation"
3471298,159,"Yes","Accommodation"
3471182,148,"Yes","Accommodation"
3471046,185,"Yes","Activities"
3471375,204,"Yes","Activities"
3471291,131,"Yes","Transport"
3463509,216,"Yes","Transport"
3462982,182,"Yes","Activities"
3463502,178,"Yes","Activities"
3463052,174,"Yes","Transport"
3471064,163,"Yes","Accommodation"
3464961,141,"Yes","Activities"
3471096,237,"Yes","Activities"
3463443,176,"Yes","Accommodation"
3463361,205,"Yes","Activities"
3463450,213,"No","All"
3463509,215,"Yes","Accommodation"
3471375,203,"Yes","Transport"
3463718,156,"Yes","Accommodation"
3463770,211,"Yes","Accommodation"
3463863,184,"Yes","Accommodation"
3463261,190,"Yes","Activities"
3471457,186,"Yes","Activities"
3471457,185,"Yes","Transport"
3463770,212,"Yes","Transport"
3464061,162,"Yes","Transport"
3471550,190,"Yes","Accommodation"
3471616,142,"Yes","Accommodation"
3471516,148,"Yes","Accommodation"
3464061,161,"Yes","Accommodation"
3471559,194,"Yes","Accommodation"
3466550,144,"Yes","Accommodation"
3471457,184,"Yes","Accommodation"
3471291,132,"Yes","Activities"
3463770,213,"Yes","Activities"
3470993,129,"Yes","Activities"
3463863,185,"Yes","Activities"
3471634,174,"Yes","Accommodation"
3471042,167,"Yes","Accommodation"
3471061,167,"Yes","Accommodation"
3471625,209,"Yes","Accommodation"
3471516,149,"Yes","Activities"
3471902,143,"Yes","Activities"
3471625,211,"Yes","Activities"
3465013,136,"No","All"
3471027,153,"Yes","Transport"
3471112,120,"Yes","Accommodation"
3471902,142,"Yes","Accommodation"
3471866,147,"Yes","Accommodation"
3471625,210,"Yes","Transport"
3471062,172,"Yes","Accommodation"
3465113,127,"Yes","Accommodation"
3472241,150,"No","All"
3471179,164,"Yes","Activities"
3471179,163,"Yes","Accommodation"
3472109,151,"Yes","Accommodation"
3465860,152,"Yes","Accommodation"
3465919,165,"Yes","Accommodation"
3471750,156,"Yes","Transport"
3465240,148,"Yes","Accommodation"
3472670,142,"Yes","Accommodation"
3496059,153,"Yes","Accommodation"
3472670,143,"Yes","Activities"
3465919,167,"Yes","Activities"
3472043,142,"Yes","Accommodation"
3464061,163,"Yes","Activities"
3472602,121,"No","All"
3465919,166,"Yes","Transport"
3472584,189,"Yes","Accommodation"
3495964,126,"Yes","Accommodation"
3471327,178,"Yes","Activities"
3496384,201,"No","All"
3472661,161,"Yes","Accommodation"
3463509,217,"Yes","Activities"
3496468,125,"No","All"
3472643,173,"Yes","Activities"
3471277,207,"Yes","Activities"
3496559,179,"Yes","Accommodation"
3471711,142,"Yes","Accommodation"
3466149,216,"Yes","Activities"
3496611,172,"Yes","Activities"
3471694,118,"No","All"
3466562,144,"No","All"
3471327,177,"Yes","Transport"
3471561,157,"Yes","Accommodation"
3471543,138,"Yes","Activities"
3471629,189,"Yes","Activities"
3466326,152,"Yes","Accommodation"
3496611,171,"Yes","Accommodation"
3471047,165,"Yes","Accommodation"
3470999,163,"Yes","Accommodation"
3496836,196,"Yes","Activities"
3471047,166,"Yes","Activities"
3496157,163,"Yes","Activities"
3471113,146,"Yes","Activities"
3471108,175,"Yes","Activities"
3471222,220,"No","All"
3472096,127,"Yes","Accommodation"
3471108,174,"Yes","Accommodation"
3471158,145,"Yes","Accommodation"
3471165,137,"Yes","Accommodation"
3471097,143,"Yes","Accommodation"
3470999,164,"Yes","Transport"
3471265,164,"Yes","Accommodation"
3472449,152,"Yes","Transport"
3497613,153,"Yes","Accommodation"
3497179,174,"Yes","Accommodation"
3471777,142,"No","All"
3471408,152,"No","All"
3497229,136,"Yes","Accommodation"
3497638,143,"Yes","Transport"
3497781,149,"Yes","Accommodation"
3497788,149,"Yes","Transport"
3471447,174,"Yes","Accommodation"
3472580,130,"Yes","Accommodation"
3497202,151,"No","All"
3502441,206,"No","All"
3497813,132,"Yes","Accommodation"
3497188,146,"No","All"
3471506,158,"No","All"
3472648,162,"Yes","Transport"
3471447,175,"Yes","Transport"
3495930,183,"Yes","Accommodation"
3471447,176,"Yes","Activities"
3471467,176,"No","All"
3496112,134,"Yes","Accommodation"
3471558,165,"Yes","Accommodation"
3496313,128,"Yes","Accommodation"
3503270,184,"Yes","Accommodation"
3496112,135,"Yes","Transport"
3471676,145,"Yes","Transport"
3503263,213,"No","All"
3496380,128,"No","All"
3503461,181,"Yes","Accommodation"
3471558,166,"Yes","Activities"
3471642,205,"No","All"
3496515,177,"No","All"
3503461,182,"Yes","Activities"
3503320,179,"Yes","Activities"
3503468,189,"No","All"
3503270,186,"Yes","Activities"
3471735,123,"No","All"
3471683,142,"Yes","Transport"
3471960,140,"Yes","Accommodation"
3503629,179,"Yes","Accommodation"
3503722,216,"Yes","Accommodation"
3472099,200,"Yes","Accommodation"
3496679,180,"Yes","Transport"
3503727,136,"Yes","Accommodation"
3496679,181,"Yes","Activities"
3503722,217,"Yes","Activities"
3496563,173,"Yes","Transport"
3503731,199,"Yes","Accommodation"
3503288,132,"No","All"
3497281,151,"Yes","Accommodation"
3471940,173,"Yes","Activities"
3497230,153,"Yes","Accommodation"
3497534,117,"Yes","Accommodation"
3503270,185,"Yes","Transport"
3497247,152,"Yes","Accommodation"
3503804,206,"Yes","Accommodation"
3497583,130,"Yes","Accommodation"
3497700,146,"Yes","Transport"
3472253,132,"Yes","Accommodation"
3496832,128,"No","All"
3503836,141,"No","All"
3472099,202,"Yes","Activities"
3472108,117,"No","All"
3472242,139,"Yes","Accommodation"
3496547,211,"Yes","Activities"
3497182,158,"No","All"
3472099,201,"Yes","Transport"
3497600,136,"Yes","Accommodation"
3497717,163,"Yes","Accommodation"
3502413,168,"Yes","Accommodation"
3523017,113,"Yes","Accommodation"
3472328,155,"Yes","Accommodation"
3497802,132,"Yes","Accommodation"
3472392,140,"Yes","Accommodation"
3523006,130,"No","All"
3523256,156,"Yes","Activities"
3502513,164,"No","All"
3503281,177,"Yes","Activities"
3497716,156,"Yes","Activities"
3503265,191,"Yes","Activities"
3523231,145,"Yes","Accommodation"
3523251,170,"Yes","Accommodation"
3503432,175,"No","All"
3523776,120,"No","All"
3472269,156,"No","All"
3503401,127,"No","All"
3523819,165,"Yes","Activities"
3523917,127,"No","All"
3472451,150,"Yes","Accommodation"
3503265,190,"Yes","Accommodation"
3503333,180,"Yes","Accommodation"
3523819,164,"Yes","Accommodation"
3472444,151,"Yes","Transport"
3523367,172,"Yes","Accommodation"
3523374,162,"Yes","Transport"
3472594,156,"Yes","Accommodation"
3522984,201,"Yes","Accommodation"
3496324,152,"Yes","Accommodation"
3503581,178,"Yes","Accommodation"
3472669,148,"Yes","Accommodation"
3524805,172,"Yes","Accommodation"
3495967,154,"Yes","Accommodation"
3496374,122,"Yes","Accommodation"
3496526,179,"Yes","Accommodation"
3495951,160,"Yes","Activities"
3496524,145,"No","All"
3472517,137,"Yes","Activities"
3522854,174,"Yes","Activities"
3496124,169,"Yes","Activities"
3496324,153,"Yes","Activities"
3496526,180,"Yes","Activities"
3523118,141,"No","All"
3503801,156,"Yes","Activities"
3496065,117,"No","All"
3496685,152,"Yes","Accommodation"
3496374,123,"Yes","Transport"
3496728,245,"Yes","Accommodation"
3523105,129,"Yes","Accommodation"
3497003,170,"Yes","Accommodation"
3497046,154,"Yes","Activities"
3497053,154,"Yes","Activities"
3497053,153,"Yes","Accommodation"
3497630,148,"Yes","Accommodation"
3497755,141,"Yes","Accommodation"
3497814,158,"Yes","Accommodation"
3523251,171,"Yes","Activities"
3501742,145,"No","All"
3497746,140,"Yes","Accommodation"
3502340,177,"Yes","Accommodation"
3502367,176,"Yes","Accommodation"
3496728,246,"Yes","Activities"
3502519,142,"No","All"
3502340,178,"Yes","Activities"
3502517,195,"Yes","Activities"
3503237,189,"Yes","Accommodation"
3503237,190,"Yes","Activities"
3503678,195,"No","All"
3503603,140,"Yes","Accommodation"
3503689,166,"Yes","Accommodation"
3497703,130,"Yes","Activities"
3503689,168,"Yes","Activities"
3522875,197,"Yes","Accommodation"
3503689,167,"Yes","Transport"
3522900,151,"Yes","Accommodation"
3522930,158,"Yes","Accommodation"
3503335,157,"Yes","Activities"
3523373,292,"No","All"
3522900,153,"Yes","Activities"
3523275,184,"Yes","Activities"
3497046,153,"Yes","Transport"
3523659,161,"Yes","Accommodation"
3523284,144,"Yes","Accommodation"
3523284,146,"Yes","Activities"
3523323,182,"No","All"
3522900,152,"Yes","Transport"
3523707,163,"Yes","Accommodation"
3523866,151,"Yes","Activities"
3523886,151,"No","All"
3523777,161,"No","All"
3523868,179,"Yes","Activities"
3523866,150,"Yes","Accommodation"
3524813,136,"Yes","Accommodation"
3523284,145,"Yes","Transport"
3524813,137,"Yes","Transport"
3524872,222,"Yes","Accommodation"
3523668,139,"Yes","Activities"
3186414,196,"Yes","Activities"
3337752,142,"Yes","Accommodation"
3337588,139,"Yes","Accommodation"
3337603,123,"Yes","Accommodation"
3337871,145,"Yes","Accommodation"
3337872,137,"Yes","Accommodation"
3338621,132,"Yes","Accommodation"
3338271,146,"Yes","Accommodation"
3186378,165,"Yes","Activities"
3338607,187,"Yes","Activities"
3337834,126,"Yes","Accommodation"
3337584,149,"Yes","Accommodation"
3524813,138,"Yes","Activities"
3337834,127,"Yes","Activities"
3337650,176,"Yes","Accommodation"
3337850,144,"Yes","Accommodation"
3337599,130,"Yes","Accommodation"
3337585,190,"No","All"
3337850,145,"Yes","Activities"
3337742,227,"Yes","Accommodation"
3337916,144,"Yes","Accommodation"
3338821,153,"Yes","Accommodation"
3337540,138,"Yes","Transport"
3337742,228,"Yes","Transport"
3338822,152,"Yes","Accommodation"
3338689,203,"Yes","Accommodation"
3337886,143,"No","All"
3337742,229,"Yes","Activities"
3339225,135,"Yes","Activities"
3339257,145,"Yes","Activities"
3339108,153,"Yes","Accommodation"
3339091,133,"Yes","Accommodation"
3338007,155,"Yes","Accommodation"
3339241,150,"Yes","Transport"
3339257,144,"Yes","Accommodation"
3338754,138,"Yes","Activities"
3339559,129,"Yes","Activities"
3337966,158,"No","All"
3339542,141,"No","All"
3339224,154,"Yes","Transport"
3462143,145,"Yes","Accommodation"
3339727,146,"Yes","Accommodation"
3462029,143,"Yes","Accommodation"
3339807,131,"Yes","Accommodation"
3462062,129,"Yes","Accommodation"
3337876,127,"Yes","Accommodation"
3462012,147,"Yes","Activities"
3465302,141,"Yes","Activities"
3337883,156,"Yes","Accommodation"
3337942,130,"Yes","Accommodation"
3465603,155,"Yes","Transport"
3337728,110,"Yes","Accommodation"
3465403,154,"Yes","Activities"
3337906,112,"No","All"
3465603,154,"Yes","Accommodation"
3466440,154,"Yes","Transport"
3338093,147,"Yes","Accommodation"
3465604,136,"Yes","Accommodation"
3337730,147,"Yes","Transport"
3337779,152,"Yes","Accommodation"
3472755,112,"Yes","Accommodation"
3337876,128,"Yes","Activities"
3466440,155,"Yes","Activities"
3338689,204,"Yes","Activities"
3337661,170,"No","All"
3462177,143,"Yes","Accommodation"
3465302,140,"Yes","Transport"
3466289,159,"Yes","Accommodation"
3338023,146,"Yes","Accommodation"
3338068,140,"Yes","Accommodation"
3337679,183,"Yes","Activities"
3465603,156,"Yes","Activities"
3472873,201,"Yes","Transport"
3338184,134,"Yes","Accommodation"
3337730,148,"Yes","Activities"
3497440,163,"Yes","Activities"
3472972,136,"Yes","Accommodation"
3472989,128,"Yes","Accommodation"
3338193,136,"Yes","Accommodation"
3497374,151,"Yes","Accommodation"
3465619,127,"No","All"
3497824,143,"Yes","Activities"
3473090,140,"Yes","Transport"
3473174,137,"Yes","Accommodation"
3497840,137,"Yes","Accommodation"
3338068,141,"Yes","Transport"
3497389,162,"Yes","Accommodation"
3497475,158,"Yes","Activities"
3338595,199,"Yes","Activities"
3497426,160,"Yes","Activities"
3497992,144,"Yes","Accommodation"
3337880,158,"Yes","Transport"
3338131,153,"Yes","Accommodation"
3337811,146,"Yes","Activities"
3497857,150,"Yes","Accommodation"
3497943,130,"Yes","Transport"
3498059,130,"Yes","Accommodation"
3337880,157,"Yes","Accommodation"
3501801,156,"No","All"
3338745,158,"Yes","Activities"
3501821,146,"Yes","Accommodation"
3337965,131,"Yes","Accommodation"
3497891,151,"Yes","Accommodation"
3337980,145,"Yes","Activities"
3502639,226,"Yes","Activities"
3338595,198,"Yes","Accommodation"
3498077,151,"Yes","Accommodation"
3498110,157,"Yes","Accommodation"
3337880,159,"Yes","Activities"
3502153,174,"Yes","Activities"
3501754,157,"Yes","Accommodation"
3338228,127,"Yes","Activities"
3502740,122,"Yes","Activities"
3502202,150,"No","All"
3338245,145,"Yes","Activities"
3497440,162,"Yes","Accommodation"
3338332,150,"Yes","Activities"
3337813,145,"Yes","Activities"
3337810,154,"Yes","Transport"
3497994,161,"Yes","Accommodation"
3498176,149,"Yes","Accommodation"
3498059,131,"Yes","Activities"
3502002,191,"Yes","Activities"
3337977,139,"Yes","Accommodation"
3502153,173,"Yes","Accommodation"
3338124,122,"Yes","Accommodation"
3338146,136,"Yes","Accommodation"
3338083,146,"Yes","Accommodation"
3338770,148,"Yes","Accommodation"
3338834,252,"Yes","Accommodation"
3338886,200,"Yes","Accommodation"
3338228,126,"Yes","Accommodation"
3338761,146,"Yes","Transport"
3338886,201,"Yes","Transport"
3338818,190,"Yes","Accommodation"
3337965,132,"Yes","Activities"
3523060,155,"Yes","Activities"
3338158,142,"Yes","Activities"
3338176,190,"Yes","Activities"
3338750,152,"Yes","Activities"
3338820,190,"Yes","Activities"
3338827,196,"Yes","Activities"
3338886,202,"Yes","Activities"
3338820,189,"Yes","Transport"
3338283,114,"Yes","Accommodation"
3522812,217,"Yes","Accommodation"
3339013,148,"Yes","Accommodation"
3522643,150,"Yes","Accommodation"
3522812,218,"Yes","Transport"
3523110,206,"Yes","Accommodation"
3338351,145,"Yes","Transport"
3339095,163,"Yes","Accommodation"
3522678,130,"No","All"
3523411,150,"Yes","Activities"
3338351,144,"Yes","Accommodation"
3339054,133,"Yes","Accommodation"
3339070,143,"Yes","Accommodation"
3338764,137,"Yes","Transport"
3338797,140,"Yes","Accommodation"
3338633,146,"Yes","Accommodation"
3338681,147,"Yes","Transport"
3338676,143,"Yes","Accommodation"
3338331,136,"Yes","Activities"
3524079,151,"No","All"
3338732,138,"Yes","Accommodation"
3523480,130,"No","All"
3338633,147,"Yes","Activities"
3524096,136,"Yes","Accommodation"
3338712,151,"Yes","Transport"
3339268,137,"Yes","Accommodation"
3338866,145,"Yes","Transport"
3338776,175,"Yes","Accommodation"
3523110,207,"Yes","Activities"
3524347,160,"No","All"
3338776,177,"Yes","Activities"
3339370,130,"Yes","Activities"
3338776,176,"Yes","Transport"
3524330,145,"Yes","Accommodation"
3339147,145,"Yes","Accommodation"
3338860,123,"Yes","Accommodation"
3339050,137,"Yes","Accommodation"
3339084,156,"Yes","Accommodation"
3339197,159,"Yes","Accommodation"
3339120,141,"Yes","Activities"
3339197,160,"Yes","Activities"
3524283,167,"Yes","Activities"
3524599,180,"Yes","Activities"
3339513,147,"Yes","Accommodation"
3339520,149,"Yes","Transport"
3339806,139,"Yes","Accommodation"
3339282,167,"Yes","Accommodation"
3338901,146,"Yes","Accommodation"
3462158,142,"Yes","Accommodation"
3462058,143,"Yes","Transport"
3339046,144,"Yes","Transport"
3339060,154,"Yes","Accommodation"
3339465,285,"Yes","Accommodation"
3339144,132,"Yes","Accommodation"
3339246,157,"Yes","Accommodation"
3339032,141,"Yes","Activities"
3339520,150,"Yes","Activities"
3339788,128,"Yes","Transport"
3338901,147,"Yes","Transport"
3338985,141,"Yes","Accommodation"
3339500,162,"Yes","Accommodation"
3338894,231,"No","All"
3339219,138,"Yes","Activities"
3339513,148,"Yes","Activities"
3462038,151,"Yes","Activities"
3462167,145,"Yes","Accommodation"
3339806,140,"Yes","Activities"
3339278,171,"Yes","Activities"
3339421,136,"Yes","Accommodation"
3465752,174,"Yes","Accommodation"
3339500,163,"Yes","Transport"
3339750,147,"Yes","Accommodation"
3339337,139,"No","All"
3465716,168,"No","All"
3339689,177,"Yes","Accommodation"
3339696,131,"Yes","Transport"
3462051,153,"Yes","Transport"
3462004,145,"Yes","Accommodation"
3462054,148,"Yes","Accommodation"
3462183,151,"No","All"
3339689,178,"Yes","Activities"
3339500,164,"Yes","Activities"
3464573,116,"No","All"
3339421,137,"Yes","Transport"
3339799,142,"Yes","Accommodation"
3462186,153,"Yes","Accommodation"
3339728,143,"Yes","Accommodation"
3462171,123,"Yes","Activities"
3466236,232,"Yes","Activities"
3462030,157,"Yes","Transport"
3462048,150,"Yes","Accommodation"
3465295,162,"Yes","Accommodation"
3462051,154,"Yes","Activities"
3466218,132,"No","All"
3339746,127,"Yes","Transport"
3465295,163,"Yes","Transport"
3466236,231,"Yes","Accommodation"
3465752,175,"Yes","Transport"
3339737,138,"Yes","Transport"
3462071,177,"Yes","Accommodation"
3462055,148,"Yes","Accommodation"
3339421,138,"Yes","Activities"
3465327,171,"Yes","Activities"
3462191,148,"Yes","Transport"
3472786,133,"Yes","Accommodation"
3465327,170,"Yes","Accommodation"
3462164,143,"Yes","Accommodation"
3462175,149,"Yes","Accommodation"
3339821,141,"Yes","Transport"
3462182,158,"Yes","Accommodation"
3472920,148,"Yes","Accommodation"
3472786,134,"Yes","Transport"
3472836,134,"Yes","Accommodation"
3473077,145,"Yes","Accommodation"
3473122,144,"Yes","Accommodation"
3465765,172,"Yes","Accommodation"
3465783,153,"Yes","Accommodation"
3496198,117,"Yes","Accommodation"
3497329,144,"Yes","Accommodation"
3473047,153,"Yes","Accommodation"
3465549,164,"Yes","Accommodation"
3472920,149,"Yes","Transport"
3465633,161,"Yes","Transport"
3465528,160,"No","All"
3465783,154,"Yes","Activities"
3465727,182,"No","All"
3497302,148,"Yes","Accommodation"
3472786,135,"Yes","Activities"
3473048,120,"No","All"
3466280,172,"No","All"
3473122,145,"Yes","Activities"
3497386,165,"Yes","Activities"
3472888,140,"Yes","Transport"
3497343,133,"Yes","Accommodation"
3465765,173,"Yes","Activities"
3473016,148,"No","All"
3473116,132,"Yes","Accommodation"
3473238,143,"Yes","Transport"
3497377,148,"Yes","Accommodation"
3473081,138,"Yes","Accommodation"
3473234,145,"Yes","Accommodation"
3497420,161,"Yes","Accommodation"
3473250,123,"No","All"
3497445,154,"Yes","Activities"
3473148,147,"Yes","Transport"
3497427,157,"Yes","Accommodation"
3497461,149,"Yes","Accommodation"
3497463,145,"Yes","Transport"
3497449,145,"Yes","Accommodation"
3465835,208,"Yes","Accommodation"
3497465,168,"Yes","Activities"
3498133,155,"Yes","Activities"
3497966,143,"Yes","Accommodation"
3498002,152,"Yes","Accommodation"
3497315,157,"Yes","Transport"
3497867,150,"Yes","Accommodation"
3497511,145,"Yes","Accommodation"
3466174,143,"Yes","Accommodation"
3497834,144,"Yes","Accommodation"
3497472,156,"Yes","Activities"
3472694,123,"No","All"
3497881,150,"Yes","Accommodation"
3497888,142,"Yes","Accommodation"
3498170,149,"Yes","Accommodation"
3498150,139,"Yes","Accommodation"
3497890,152,"Yes","Accommodation"
3497895,153,"Yes","Accommodation"
3466292,113,"No","All"
3497963,140,"Yes","Activities"
3497938,152,"Yes","Accommodation"
3498031,134,"Yes","Transport"
3498088,136,"Yes","Accommodation"
3497972,148,"Yes","Accommodation"
3498047,157,"Yes","Accommodation"
3502630,143,"Yes","Activities"
3472885,104,"No","All"
3502581,178,"Yes","Transport"
3502582,220,"Yes","Transport"
3498154,162,"Yes","Accommodation"
3498104,131,"Yes","Accommodation"
3498104,132,"Yes","Activities"
3502581,179,"Yes","Activities"
3502582,219,"Yes","Accommodation"
3473180,121,"Yes","Accommodation"
3502645,172,"Yes","Accommodation"
3496224,171,"Yes","Accommodation"
3498070,143,"Yes","Accommodation"
3472976,148,"Yes","Accommodation"
3473180,122,"Yes","Transport"
3473246,138,"Yes","Accommodation"
3472955,200,"No","All"
3502999,120,"No","All"
3502582,221,"Yes","Activities"
3502946,142,"Yes","Activities"
3473028,130,"Yes","Activities"
3473071,130,"Yes","Activities"
3501841,164,"Yes","Accommodation"
3472919,135,"No","All"
3522601,139,"No","All"
3501841,166,"Yes","Activities"
3522720,159,"No","All"
3497896,157,"Yes","Accommodation"
3496224,172,"Yes","Transport"
3497494,153,"Yes","Accommodation"
3501841,165,"Yes","Transport"
3496426,170,"Yes","Accommodation"
3497460,151,"Yes","Accommodation"
3496426,171,"Yes","Activities"
3523419,151,"Yes","Activities"
3497898,137,"Yes","Accommodation"
3497962,143,"Yes","Accommodation"
3497964,146,"Yes","Accommodation"
3498005,156,"Yes","Transport"
3498064,143,"Yes","Transport"
3522569,137,"No","All"
3498062,127,"Yes","Activities"
3502761,126,"Yes","Accommodation"
3498148,142,"Yes","Accommodation"
3524074,157,"Yes","Accommodation"
3497996,147,"Yes","Activities"
3523974,152,"Yes","Activities"
3524005,124,"No","All"
3524074,159,"Yes","Activities"
3502836,134,"Yes","Accommodation"
3501892,176,"Yes","Accommodation"
3501892,177,"Yes","Transport"
3502031,218,"Yes","Accommodation"
3502750,157,"No","All"
3502131,173,"No","All"
3498207,123,"Yes","Activities"
3503395,108,"No","All"
3522556,136,"Yes","Transport"
3524238,153,"Yes","Accommodation"
3502033,151,"Yes","Transport"
3522588,198,"Yes","Accommodation"
3502031,219,"Yes","Activities"
3524524,179,"Yes","Activities"
3524524,177,"Yes","Accommodation"
3524074,158,"Yes","Transport"
3524455,122,"Yes","Accommodation"
3524507,163,"Yes","Accommodation"
3501892,178,"Yes","Activities"
3524208,164,"No","All"
3502165,138,"Yes","Accommodation"
3502633,158,"Yes","Accommodation"
3502576,131,"Yes","Activities"
3502701,187,"Yes","Activities"
3502149,111,"Yes","Activities"
3522665,186,"No","All"
3502183,140,"Yes","Transport"
3502726,175,"Yes","Accommodation"
3522706,124,"No","All"
3524725,132,"No","All"
3502733,213,"No","All"
3502887,158,"Yes","Activities"
3502633,159,"Yes","Activities"
3523074,135,"No","All"
3523558,137,"Yes","Activities"
3523985,117,"Yes","Activities"
3524524,178,"Yes","Transport"
3522641,180,"Yes","Transport"
3522616,118,"No","All"
3524417,176,"Yes","Activities"
3524501,147,"Yes","Accommodation"
3522641,179,"Yes","Accommodation"
3524417,174,"Yes","Accommodation"
3524417,175,"Yes","Transport"
3524052,142,"Yes","Accommodation"
3524027,173,"Yes","Accommodation"
3524477,213,"Yes","Accommodation"
3524277,170,"Yes","Accommodation"
3524143,127,"Yes","Transport"
3524286,146,"Yes","Accommodation"
3502917,143,"No","All"
3524477,214,"Yes","Activities"
3522573,131,"No","All"
3524611,205,"Yes","Activities"
3524611,204,"Yes","Accommodation"
3524277,171,"Yes","Activities"
3524604,185,"Yes","Activities"
3503396,180,"Yes","Activities"
3524484,124,"No","All"
