"SurveyResponseID","AnswerNumber","QualmarkFailedExpn"
3184649,159,"Generally poor standard"
3184649,156,"Poor/old facilities"
3184649,158,"Too expensive"
3184610,136,"Too expensive"
3184610,137,"Poor standard of cleanliness/dirty"
3184620,154,"Poor/old facilities"
3184662,140,"Poor standard of cleanliness/dirty"
3184649,157,"The Qualmark rating was too high"
3184703,145,"Poor/old facilities"
3184703,147,"Too expensive"
3184703,148,"Poor customer service"
3184703,146,"The Qualmark rating was too high"
3184703,150,"Another reason"
3184649,160,"Noisy"
3184610,139,"No air-conditioning/heating inadequate"
3184662,141,"Generally poor standard"
3184662,142,"Poor value for money"
3184703,149,"Generally poor standard"
3184610,138,"Generally poor standard"
3184610,140,"Poor value for money"
3184620,156,"Poor standard of cleanliness/dirty"
3184629,177,"Poor/old facilities"
3184610,141,"Another reason"
3184620,155,"The Qualmark rating was too high"
3184629,178,"The Qualmark rating was too high"
3184620,157,"Noisy"
3184702,146,"No free internet"
3184629,180,"No air-conditioning/heating inadequate"
3184702,147,"Poor value for money"
3184629,179,"Poor standard of cleanliness/dirty"
3184702,143,"Poor/old facilities"
3184702,145,"Poor customer service"
3184702,144,"The Qualmark rating was too high"
3184629,181,"Noisy"
3184773,165,"No free internet"
3184773,166,"No air-conditioning/heating inadequate"
3184773,167,"Poor value for money"
3184773,161,"Poor/old facilities"
3184773,162,"Too expensive"
3184773,163,"Poor customer service"
3184773,164,"Poor standard of cleanliness/dirty"
3184773,168,"Noisy"
3184743,166,"No air-conditioning/heating inadequate"
3184743,165,"Generally poor standard"
3184743,164,"Poor customer service"
3184743,167,"Another reason"
3184850,131,"No free internet"
3184850,132,"Noisy"
3184796,134,"No free internet"
3184850,127,"Poor/old facilities"
3184850,129,"Too expensive"
3184850,130,"Poor standard of cleanliness/dirty"
3184745,158,"Poor/old facilities"
3184796,132,"Poor/old facilities"
3184848,169,"Poor/old facilities"
3184850,128,"The Qualmark rating was too high"
3184850,133,"Another reason"
3184745,159,"The Qualmark rating was too high"
3184796,133,"The Qualmark rating was too high"
3184796,137,"Another reason"
3184796,135,"Generally poor standard"
3184796,136,"Noisy"
3184848,174,"No air-conditioning/heating inadequate"
3184848,175,"Another reason"
3184848,170,"Too expensive"
3184848,171,"Poor customer service"
3184848,172,"Poor standard of cleanliness/dirty"
3184889,149,"Poor/old facilities"
3184889,150,"Too expensive"
3184848,173,"Generally poor standard"
3184889,151,"Poor customer service"
3184889,152,"No free internet"
3184908,152,"The Qualmark rating was too high"
3184908,155,"Generally poor standard"
3184894,149,"Too expensive"
3184894,150,"Poor standard of cleanliness/dirty"
3184908,153,"Too expensive"
3184908,154,"Poor customer service"
3184745,160,"Poor standard of cleanliness/dirty"
3184894,151,"Noisy"
3184745,161,"No free internet"
3184745,163,"No air-conditioning/heating inadequate"
3184883,129,"No air-conditioning/heating inadequate"
3184745,162,"Generally poor standard"
3184745,164,"Poor value for money"
3184883,128,"Generally poor standard"
3184883,130,"Poor value for money"
3185348,137,"Poor value for money"
3185382,136,"Generally poor standard"
3185348,136,"No air-conditioning/heating inadequate"
3185348,138,"Noisy"
3185382,135,"No free internet"
3185382,134,"The Qualmark rating was too high"
3184952,148,"No free internet"
3184883,126,"Poor/old facilities"
3184883,127,"Poor standard of cleanliness/dirty"
3185348,134,"Poor/old facilities"
3185348,135,"Poor customer service"
3184952,147,"Too expensive"
3185382,138,"Noisy"
3185400,155,"Noisy"
3184908,156,"No air-conditioning/heating inadequate"
3185400,152,"Too expensive"
3184952,151,"Another reason"
3185400,151,"The Qualmark rating was too high"
3185441,139,"Another reason"
3184908,157,"Another reason"
3184911,144,"The Qualmark rating was too high"
3185400,153,"Poor standard of cleanliness/dirty"
3185441,137,"Poor standard of cleanliness/dirty"
3184911,143,"Poor/old facilities"
3185491,141,"Poor/old facilities"
3185491,142,"Poor standard of cleanliness/dirty"
3184911,145,"No free internet"
3185491,143,"No free internet"
3184952,149,"Generally poor standard"
3184952,150,"Poor value for money"
3185491,146,"Another reason"
3185067,140,"The Qualmark rating was too high"
3184765,138,"The Qualmark rating was too high"
3185067,144,"Another reason"
3185067,139,"Poor/old facilities"
3185550,147,"Poor/old facilities"
3185550,148,"Poor customer service"
3185067,141,"Too expensive"
3185067,142,"Poor standard of cleanliness/dirty"
3185675,151,"Too expensive"
3185382,137,"Poor value for money"
3185400,154,"Generally poor standard"
3185441,138,"Generally poor standard"
3185086,173,"The Qualmark rating was too high"
3185675,152,"Poor customer service"
3185086,174,"Poor customer service"
3185709,139,"Poor/old facilities"
3185709,140,"Too expensive"
3185709,141,"Poor customer service"
3185491,145,"Noisy"
3185550,149,"No free internet"
3185675,153,"No free internet"
3185086,175,"No air-conditioning/heating inadequate"
3185709,142,"No free internet"
3184911,146,"Poor value for money"
3185491,144,"Poor value for money"
3185067,143,"Poor value for money"
3185675,154,"Generally poor standard"
3185675,155,"Poor value for money"
3185086,176,"Poor value for money"
3185709,144,"No air-conditioning/heating inadequate"
3185709,147,"Another reason"
3185709,146,"Noisy"
3185734,139,"No free internet"
3185086,177,"Another reason"
3185723,134,"The Qualmark rating was too high"
3185734,137,"The Qualmark rating was too high"
3185741,158,"The Qualmark rating was too high"
3185709,143,"Generally poor standard"
3185709,145,"Poor value for money"
3185723,136,"Generally poor standard"
3184765,140,"Poor value for money"
3185723,133,"Poor/old facilities"
3185723,135,"Too expensive"
3184765,139,"Too expensive"
3185734,138,"Poor standard of cleanliness/dirty"
3185741,159,"Too expensive"
3185782,135,"The Qualmark rating was too high"
3185734,140,"Noisy"
3185741,162,"No free internet"
3185741,164,"No air-conditioning/heating inadequate"
3185741,166,"Noisy"
3185782,140,"Noisy"
3185741,163,"Generally poor standard"
3185741,165,"Poor value for money"
3185782,139,"Generally poor standard"
3185741,160,"Poor customer service"
3185741,161,"Poor standard of cleanliness/dirty"
3185782,134,"Poor/old facilities"
3185793,143,"No air-conditioning/heating inadequate"
3185793,144,"Noisy"
3184965,156,"No free internet"
3185793,142,"Generally poor standard"
3185782,136,"Too expensive"
3185782,137,"Poor customer service"
3185782,138,"Poor standard of cleanliness/dirty"
3185793,140,"Poor/old facilities"
3184965,154,"Poor/old facilities"
3184965,155,"Poor customer service"
3185793,141,"The Qualmark rating was too high"
3185793,145,"Another reason"
3185893,141,"No free internet"
3185893,143,"No air-conditioning/heating inadequate"
3185923,149,"No air-conditioning/heating inadequate"
3185893,142,"Generally poor standard"
3185923,148,"Generally poor standard"
3185893,140,"Poor customer service"
3185923,146,"Poor/old facilities"
3185923,147,"Poor customer service"
3186041,159,"No free internet"
3185893,144,"Another reason"
3186041,161,"Another reason"
3186041,157,"Too expensive"
3186041,158,"Poor customer service"
3185119,150,"Poor/old facilities"
3185119,151,"Poor standard of cleanliness/dirty"
3186041,160,"No air-conditioning/heating inadequate"
3185119,152,"No free internet"
3185119,153,"No air-conditioning/heating inadequate"
3186134,150,"No air-conditioning/heating inadequate"
3186134,147,"The Qualmark rating was too high"
3186134,153,"Another reason"
3186134,146,"Poor/old facilities"
3186134,148,"Too expensive"
3186134,149,"Poor customer service"
3186134,152,"Noisy"
3185119,154,"Noisy"
3185188,155,"No air-conditioning/heating inadequate"
3185188,152,"Too expensive"
3185188,153,"Poor standard of cleanliness/dirty"
3185185,157,"Poor/old facilities"
3185185,158,"Too expensive"
3184965,158,"Another reason"
3185188,151,"The Qualmark rating was too high"
3186134,151,"Poor value for money"
3184965,157,"Poor value for money"
3185188,154,"Generally poor standard"
3185185,160,"No free internet"
3185213,152,"No free internet"
3185213,153,"Another reason"
3184911,148,"Another reason"
3185185,161,"Poor value for money"
3184911,147,"Noisy"
3185240,155,"No air-conditioning/heating inadequate"
3184941,157,"The Qualmark rating was too high"
3185240,156,"Another reason"
3185185,159,"Poor standard of cleanliness/dirty"
3185213,150,"Poor customer service"
3185213,151,"Poor standard of cleanliness/dirty"
3184941,156,"Poor/old facilities"
3185240,153,"Poor customer service"
3185240,154,"Poor standard of cleanliness/dirty"
3185045,149,"No air-conditioning/heating inadequate"
3184941,158,"Poor standard of cleanliness/dirty"
3185270,130,"Poor/old facilities"
3185045,147,"Too expensive"
3185045,151,"Noisy"
3185112,142,"No free internet"
3185112,144,"No air-conditioning/heating inadequate"
3187193,157,"No free internet"
3187193,158,"No air-conditioning/heating inadequate"
3185045,148,"Generally poor standard"
3184941,159,"Another reason"
3185045,146,"The Qualmark rating was too high"
3187143,153,"Poor/old facilities"
3187143,154,"Poor customer service"
3185112,141,"Poor/old facilities"
3187193,155,"Too expensive"
3187193,156,"Poor standard of cleanliness/dirty"
3187193,160,"Noisy"
3187229,156,"No free internet"
3185045,150,"Poor value for money"
3187143,155,"Generally poor standard"
3187143,156,"Poor value for money"
3187193,161,"Another reason"
3187229,153,"The Qualmark rating was too high"
3187229,152,"Poor/old facilities"
3187229,154,"Too expensive"
3187229,155,"Poor standard of cleanliness/dirty"
3187229,158,"No air-conditioning/heating inadequate"
3187229,160,"Noisy"
3187243,148,"No free internet"
3187243,150,"No air-conditioning/heating inadequate"
3185112,143,"Generally poor standard"
3185112,145,"Poor value for money"
3187193,159,"Poor value for money"
3187243,146,"The Qualmark rating was too high"
3187243,147,"Too expensive"
3187229,157,"Generally poor standard"
3187229,159,"Poor value for money"
3187243,149,"Generally poor standard"
3187243,151,"Poor value for money"
3187327,147,"Generally poor standard"
3187327,148,"Poor value for money"
3187327,150,"Another reason"
3187327,143,"Poor/old facilities"
3187327,144,"Too expensive"
3187327,145,"Poor customer service"
3187327,146,"Poor standard of cleanliness/dirty"
3187327,149,"Noisy"
3187347,140,"No air-conditioning/heating inadequate"
3185270,133,"No free internet"
3185304,144,"No free internet"
3185270,131,"The Qualmark rating was too high"
3187347,141,"Another reason"
3187563,152,"The Qualmark rating was too high"
3187347,138,"Poor/old facilities"
3187347,139,"Too expensive"
3185270,132,"Poor customer service"
3185304,143,"Poor/old facilities"
3187563,151,"Poor/old facilities"
3187563,153,"Too expensive"
3187672,162,"No air-conditioning/heating inadequate"
3187563,155,"Poor value for money"
3187563,156,"Another reason"
3187681,147,"The Qualmark rating was too high"
3187563,154,"Poor standard of cleanliness/dirty"
3187672,161,"Poor standard of cleanliness/dirty"
3187681,146,"Poor/old facilities"
3187672,164,"Noisy"
3187681,149,"No free internet"
3187681,150,"Noisy"
3185304,145,"No air-conditioning/heating inadequate"
3187672,163,"Poor value for money"
3185304,146,"Poor value for money"
3187681,151,"Another reason"
3187736,126,"Not sure"
3185304,148,"Another reason"
3187681,148,"Too expensive"
3185304,147,"Noisy"
3185334,139,"No free internet"
3185334,141,"No air-conditioning/heating inadequate"
3185334,140,"Generally poor standard"
3185334,135,"The Qualmark rating was too high"
3185334,136,"Too expensive"
3185334,137,"Poor customer service"
3185334,138,"Poor standard of cleanliness/dirty"
3185351,132,"Poor/old facilities"
3185334,142,"Noisy"
3185351,136,"No air-conditioning/heating inadequate"
3185351,138,"Noisy"
3185415,153,"No air-conditioning/heating inadequate"
3185351,134,"Too expensive"
3185415,151,"Poor standard of cleanliness/dirty"
3185351,133,"The Qualmark rating was too high"
3185351,135,"Generally poor standard"
3185351,137,"Poor value for money"
3185415,152,"Generally poor standard"
3185438,135,"No free internet"
3185438,137,"Noisy"
3185112,146,"Noisy"
3185438,131,"Poor/old facilities"
3185438,133,"Poor customer service"
3185438,134,"Poor standard of cleanliness/dirty"
3185438,132,"The Qualmark rating was too high"
3185415,154,"Poor value for money"
3185438,136,"Poor value for money"
3185125,165,"No free internet"
3185125,166,"No air-conditioning/heating inadequate"
3185125,162,"Poor/old facilities"
3185125,164,"Too expensive"
3185449,140,"Too expensive"
3185449,141,"Poor customer service"
3185112,147,"Another reason"
3185125,163,"The Qualmark rating was too high"
3185125,167,"Another reason"
3185449,142,"Noisy"
3185503,145,"No free internet"
3185503,142,"The Qualmark rating was too high"
3185522,146,"The Qualmark rating was too high"
3185503,141,"Poor/old facilities"
3185503,143,"Poor customer service"
3185503,144,"Poor standard of cleanliness/dirty"
3185522,145,"Poor/old facilities"
3185503,146,"Noisy"
3185522,149,"No air-conditioning/heating inadequate"
3185522,147,"Too expensive"
3185522,148,"Poor standard of cleanliness/dirty"
3185175,137,"Poor/old facilities"
3185175,139,"Too expensive"
3185175,140,"Poor customer service"
3191164,137,"Poor customer service"
3185522,150,"Poor value for money"
3185175,138,"The Qualmark rating was too high"
3191246,156,"Poor value for money"
3191164,139,"Another reason"
3191246,154,"The Qualmark rating was too high"
3191271,141,"The Qualmark rating was too high"
3191164,138,"Poor standard of cleanliness/dirty"
3191246,155,"Poor customer service"
3191271,140,"Poor/old facilities"
3191271,142,"Too expensive"
3191271,143,"Poor standard of cleanliness/dirty"
3185175,141,"Poor standard of cleanliness/dirty"
3185522,151,"Noisy"
3191271,144,"No free internet"
3191271,145,"Poor value for money"
3191271,146,"Another reason"
3185175,143,"Another reason"
3185538,148,"The Qualmark rating was too high"
3185195,151,"The Qualmark rating was too high"
3191346,144,"The Qualmark rating was too high"
3185538,149,"Too expensive"
3185538,150,"Poor standard of cleanliness/dirty"
3191305,160,"Too expensive"
3191305,161,"Poor standard of cleanliness/dirty"
3185195,152,"Too expensive"
3191346,143,"Poor/old facilities"
3191305,164,"Noisy"
3191346,150,"Noisy"
3185175,142,"Poor value for money"
3191305,162,"Generally poor standard"
3191346,151,"Another reason"
3191350,157,"The Qualmark rating was too high"
3191346,145,"Too expensive"
3191346,146,"Poor customer service"
3191346,147,"Poor standard of cleanliness/dirty"
3191350,156,"Poor/old facilities"
3191350,160,"No free internet"
3185538,151,"No free internet"
3191350,162,"Another reason"
3191350,158,"Too expensive"
3191350,159,"Poor customer service"
3185551,126,"Poor/old facilities"
3185538,153,"Noisy"
3185551,129,"No free internet"
3191305,163,"Poor value for money"
3191346,148,"Generally poor standard"
3191346,149,"Poor value for money"
3191350,161,"Generally poor standard"
3185540,141,"The Qualmark rating was too high"
3185551,127,"Too expensive"
3185551,128,"Poor standard of cleanliness/dirty"
3185540,140,"Poor/old facilities"
3185540,142,"Poor customer service"
3185540,143,"Poor standard of cleanliness/dirty"
3185636,147,"Poor/old facilities"
3185538,152,"Poor value for money"
3185551,130,"Generally poor standard"
3185636,148,"The Qualmark rating was too high"
3185551,131,"Noisy"
3185636,151,"No air-conditioning/heating inadequate"
3185636,152,"Poor value for money"
3185195,153,"Generally poor standard"
3185195,154,"Poor value for money"
3185636,149,"Too expensive"
3185636,150,"Poor standard of cleanliness/dirty"
3185819,163,"Poor/old facilities"
3185819,164,"Poor customer service"
3185819,165,"Poor standard of cleanliness/dirty"
3185195,155,"Noisy"
3185309,126,"No free internet"
3185309,127,"Generally poor standard"
3185309,128,"Poor value for money"
3185309,124,"Poor customer service"
3185309,125,"Poor standard of cleanliness/dirty"
3185379,120,"Poor/old facilities"
3185309,123,"The Qualmark rating was too high"
3185309,129,"Noisy"
3185379,125,"No air-conditioning/heating inadequate"
3185379,121,"Too expensive"
3185379,122,"Poor customer service"
3185379,123,"Poor standard of cleanliness/dirty"
3185819,166,"Generally poor standard"
3185819,167,"Poor value for money"
3185379,124,"Generally poor standard"
3185379,126,"Poor value for money"
3185394,143,"No air-conditioning/heating inadequate"
3185819,168,"Another reason"
3185394,145,"Another reason"
3185394,144,"Noisy"
3185410,144,"No free internet"
3193513,139,"No air-conditioning/heating inadequate"
3193513,140,"Noisy"
3185540,144,"No free internet"
3185394,141,"Poor customer service"
3185394,142,"Poor standard of cleanliness/dirty"
3185410,141,"Too expensive"
3185410,142,"Poor customer service"
3185410,143,"Poor standard of cleanliness/dirty"
3193545,149,"Poor customer service"
3193545,148,"The Qualmark rating was too high"
3193545,152,"Another reason"
3193556,143,"No free internet"
3193556,145,"No air-conditioning/heating inadequate"
3193556,139,"Poor/old facilities"
3193556,140,"Too expensive"
3193556,141,"Poor customer service"
3193556,142,"Poor standard of cleanliness/dirty"
3193713,159,"Poor/old facilities"
3193713,161,"Poor customer service"
3193556,146,"Noisy"
3193713,163,"No free internet"
3193713,165,"Noisy"
3193804,154,"No air-conditioning/heating inadequate"
3193713,160,"The Qualmark rating was too high"
3193713,162,"Poor standard of cleanliness/dirty"
3193804,152,"Poor customer service"
3193513,138,"Generally poor standard"
3193545,150,"Generally poor standard"
3193545,151,"Poor value for money"
3193556,144,"Generally poor standard"
3193713,164,"Poor value for money"
3193804,153,"Generally poor standard"
3193804,156,"Noisy"
3193897,173,"No free internet"
3193897,170,"The Qualmark rating was too high"
3193897,176,"Another reason"
3193897,175,"No air-conditioning/heating inadequate"
3185540,146,"No air-conditioning/heating inadequate"
3194006,138,"No free internet"
3193897,171,"Poor customer service"
3193897,172,"Poor standard of cleanliness/dirty"
3193904,149,"Poor customer service"
3193913,150,"Too expensive"
3193913,151,"Poor customer service"
3193904,151,"Another reason"
3194006,140,"Another reason"
3194006,139,"Noisy"
3194045,147,"No free internet"
3194045,148,"No air-conditioning/heating inadequate"
3194006,137,"Poor standard of cleanliness/dirty"
3194045,143,"Poor/old facilities"
3194045,145,"Too expensive"
3194045,146,"Poor customer service"
3193804,155,"Poor value for money"
3193897,174,"Generally poor standard"
3193904,150,"Poor value for money"
3194045,144,"The Qualmark rating was too high"
3194056,154,"No free internet"
3194056,156,"No air-conditioning/heating inadequate"
3194056,153,"Poor customer service"
3194074,167,"Poor/old facilities"
3194074,169,"Too expensive"
3194074,170,"Poor standard of cleanliness/dirty"
3193913,152,"Generally poor standard"
3193913,153,"Poor value for money"
3194045,150,"Another reason"
3194074,168,"The Qualmark rating was too high"
3194056,158,"Noisy"
3194074,172,"No air-conditioning/heating inadequate"
3185540,145,"Generally poor standard"
3194045,149,"Poor value for money"
3194056,155,"Generally poor standard"
3194056,157,"Poor value for money"
3194074,171,"Generally poor standard"
3194074,173,"Poor value for money"
3194129,159,"Too expensive"
3194074,175,"Another reason"
3194074,174,"Noisy"
3194129,162,"No air-conditioning/heating inadequate"
3194129,163,"Noisy"
3185887,143,"No air-conditioning/heating inadequate"
3194129,161,"Generally poor standard"
3194229,153,"Generally poor standard"
3194229,154,"Poor value for money"
3194129,160,"Poor standard of cleanliness/dirty"
3194129,164,"Another reason"
3185887,144,"Another reason"
3194229,155,"Noisy"
3185920,153,"No free internet"
3185920,154,"No air-conditioning/heating inadequate"
3185920,150,"Too expensive"
3185920,151,"Poor customer service"
3185920,152,"Poor standard of cleanliness/dirty"
3185921,139,"Poor/old facilities"
3185920,155,"Noisy"
3185410,145,"No air-conditioning/heating inadequate"
3185410,146,"Noisy"
3185463,158,"No air-conditioning/heating inadequate"
3194229,156,"Another reason"
3185920,149,"The Qualmark rating was too high"
3185921,140,"The Qualmark rating was too high"
3185463,156,"Too expensive"
3185921,141,"Poor customer service"
3185921,142,"Poor standard of cleanliness/dirty"
3185463,157,"Generally poor standard"
3185463,159,"Noisy"
3185921,143,"No free internet"
3185921,145,"No air-conditioning/heating inadequate"
3185593,153,"No air-conditioning/heating inadequate"
3185593,152,"Too expensive"
3185971,164,"Poor/old facilities"
3185971,165,"Too expensive"
3185593,151,"The Qualmark rating was too high"
3185921,144,"Generally poor standard"
3185921,146,"Poor value for money"
3185629,136,"No free internet"
3185629,137,"No air-conditioning/heating inadequate"
3185629,139,"Noisy"
3185677,146,"No free internet"
3185629,138,"Poor value for money"
3185677,144,"The Qualmark rating was too high"
3185677,147,"No air-conditioning/heating inadequate"
3185677,148,"Noisy"
3185971,168,"No free internet"
3185971,169,"No air-conditioning/heating inadequate"
3185971,170,"Poor value for money"
3185629,134,"Too expensive"
3185629,135,"Poor customer service"
3185677,145,"Too expensive"
3185971,166,"Poor customer service"
3185971,171,"Noisy"
3185877,176,"No free internet"
3185677,149,"Another reason"
3185877,172,"The Qualmark rating was too high"
3186004,154,"The Qualmark rating was too high"
3185971,167,"Poor standard of cleanliness/dirty"
3185877,171,"Poor/old facilities"
3185877,173,"Too expensive"
3185877,174,"Poor customer service"
3185877,175,"Poor standard of cleanliness/dirty"
3185877,177,"Generally poor standard"
3185877,178,"Poor value for money"
3186004,157,"Generally poor standard"
3185540,147,"Noisy"
3186004,158,"Noisy"
3186004,159,"Another reason"
3185980,149,"The Qualmark rating was too high"
3186056,164,"The Qualmark rating was too high"
3186056,168,"Another reason"
3186004,155,"Too expensive"
3186004,156,"Poor customer service"
3185980,148,"Poor/old facilities"
3185980,150,"Too expensive"
3186056,165,"Too expensive"
3186056,166,"Poor customer service"
3186072,145,"No free internet"
3186072,142,"The Qualmark rating was too high"
3186056,167,"Generally poor standard"
3186072,141,"Poor/old facilities"
3186072,143,"Poor customer service"
3186072,144,"Poor standard of cleanliness/dirty"
3186089,154,"Poor/old facilities"
3186089,155,"Too expensive"
3186089,156,"Poor customer service"
3186089,158,"Generally poor standard"
3186089,160,"Poor value for money"
3186089,162,"Another reason"
3185799,134,"The Qualmark rating was too high"
3186089,157,"Poor standard of cleanliness/dirty"
3185799,135,"Too expensive"
3185799,136,"Poor customer service"
3186072,146,"Noisy"
3186089,159,"No air-conditioning/heating inadequate"
3186089,161,"Noisy"
3186172,157,"No free internet"
3185980,152,"No free internet"
3186172,158,"Poor value for money"
3185980,153,"Poor value for money"
3186172,156,"Poor customer service"
3185980,151,"Poor standard of cleanliness/dirty"
3185799,137,"Poor standard of cleanliness/dirty"
3187073,159,"No free internet"
3186172,155,"The Qualmark rating was too high"
3186172,159,"Another reason"
3187073,156,"The Qualmark rating was too high"
3187073,163,"Another reason"
3187073,162,"Noisy"
3185799,138,"No air-conditioning/heating inadequate"
3185799,140,"Noisy"
3185840,178,"No air-conditioning/heating inadequate"
3187075,143,"The Qualmark rating was too high"
3187073,160,"Generally poor standard"
3187073,161,"Poor value for money"
3185799,139,"Poor value for money"
3185840,179,"Poor value for money"
3187073,155,"Poor/old facilities"
3187073,157,"Too expensive"
3187073,158,"Poor customer service"
3185840,175,"Poor/old facilities"
3185840,176,"Too expensive"
3185840,177,"Poor customer service"
3186045,145,"Noisy"
3187075,144,"No air-conditioning/heating inadequate"
3186131,151,"No free internet"
3186045,144,"Poor/old facilities"
3186131,149,"Poor/old facilities"
3186131,150,"Poor customer service"
3185935,142,"Poor/old facilities"
3185935,143,"Too expensive"
3186131,152,"Noisy"
3187292,149,"No free internet"
3187292,151,"No air-conditioning/heating inadequate"
3187292,154,"Another reason"
3187292,150,"Generally poor standard"
3187292,152,"Poor value for money"
3187292,146,"Too expensive"
3187292,147,"Poor customer service"
3187292,148,"Poor standard of cleanliness/dirty"
3187292,153,"Noisy"
3185935,145,"No air-conditioning/heating inadequate"
3187391,154,"No air-conditioning/heating inadequate"
3185935,146,"Another reason"
3187391,155,"Another reason"
3185935,144,"Poor customer service"
3187391,151,"Poor/old facilities"
3187391,152,"Too expensive"
3187391,153,"Poor customer service"
3187443,139,"Poor customer service"
3187443,140,"No free internet"
3187443,141,"No air-conditioning/heating inadequate"
3187443,142,"Poor value for money"
3187473,152,"Generally poor standard"
3187473,153,"No air-conditioning/heating inadequate"
3187473,149,"Too expensive"
3187473,150,"Poor customer service"
3187473,151,"Poor standard of cleanliness/dirty"
3187443,143,"Another reason"
3187473,148,"The Qualmark rating was too high"
3187473,154,"Poor value for money"
3187491,157,"The Qualmark rating was too high"
3187491,161,"Generally poor standard"
3186040,129,"Generally poor standard"
3187491,156,"Poor/old facilities"
3187491,158,"Too expensive"
3187491,159,"Poor customer service"
3187491,160,"Poor standard of cleanliness/dirty"
3186040,127,"Too expensive"
3186040,128,"Poor standard of cleanliness/dirty"
3186040,130,"No air-conditioning/heating inadequate"
3186950,166,"Another reason"
3186040,131,"Noisy"
3187675,146,"No free internet"
3187675,147,"No air-conditioning/heating inadequate"
3186950,163,"No free internet"
3188008,168,"No free internet"
3186950,164,"No air-conditioning/heating inadequate"
3187675,145,"Poor customer service"
3186950,161,"Poor customer service"
3186950,162,"Poor standard of cleanliness/dirty"
3188008,166,"Too expensive"
3188008,167,"Poor standard of cleanliness/dirty"
3187675,148,"Poor value for money"
3188008,169,"Generally poor standard"
3188008,170,"Poor value for money"
3186950,165,"Poor value for money"
3187050,153,"The Qualmark rating was too high"
3187050,154,"Too expensive"
3187050,155,"Poor customer service"
3187050,156,"Poor standard of cleanliness/dirty"
3187050,158,"Generally poor standard"
3187050,160,"Poor value for money"
3187050,157,"No free internet"
3187050,159,"No air-conditioning/heating inadequate"
3187050,161,"Noisy"
3187099,141,"No free internet"
3187065,150,"Another reason"
3187065,149,"Generally poor standard"
3187065,146,"Poor/old facilities"
3187065,147,"Too expensive"
3187099,143,"No air-conditioning/heating inadequate"
3187117,141,"No air-conditioning/heating inadequate"
3187065,148,"Poor standard of cleanliness/dirty"
3187099,145,"Another reason"
3187099,138,"Poor/old facilities"
3187099,139,"Too expensive"
3187099,140,"Poor standard of cleanliness/dirty"
3187117,139,"Poor/old facilities"
3187117,140,"Poor customer service"
3186869,142,"Poor customer service"
3186869,143,"Poor standard of cleanliness/dirty"
3187251,154,"Poor/old facilities"
3187251,155,"Poor customer service"
3187251,156,"Poor standard of cleanliness/dirty"
3188144,152,"No air-conditioning/heating inadequate"
3187251,157,"No air-conditioning/heating inadequate"
3187251,159,"Noisy"
3187281,154,"No free internet"
3187099,142,"Generally poor standard"
3187281,151,"The Qualmark rating was too high"
3187281,156,"Another reason"
3186869,145,"Another reason"
3188562,174,"Another reason"
3187281,150,"Poor/old facilities"
3187281,152,"Poor customer service"
3187281,153,"Poor standard of cleanliness/dirty"
3188562,171,"Poor standard of cleanliness/dirty"
3187099,144,"Poor value for money"
3187251,158,"Poor value for money"
3187281,155,"Poor value for money"
3186869,144,"Poor value for money"
3188562,172,"Generally poor standard"
3187298,129,"The Qualmark rating was too high"
3187278,155,"The Qualmark rating was too high"
3187351,152,"The Qualmark rating was too high"
3188594,134,"The Qualmark rating was too high"
3188562,173,"No air-conditioning/heating inadequate"
3187298,132,"No free internet"
3187298,133,"No air-conditioning/heating inadequate"
3187351,154,"Generally poor standard"
3187298,130,"Poor customer service"
3187298,131,"Poor standard of cleanliness/dirty"
3187278,154,"Poor/old facilities"
3187278,156,"Poor standard of cleanliness/dirty"
3187351,153,"Poor customer service"
3188594,133,"Poor/old facilities"
3187298,134,"Noisy"
3188594,136,"No free internet"
3187448,161,"No free internet"
3187448,163,"Noisy"
3187532,133,"No free internet"
3188594,139,"Another reason"
3188594,137,"Generally poor standard"
3188594,138,"Poor value for money"
3187448,162,"Generally poor standard"
3187532,134,"Generally poor standard"
3187532,135,"No air-conditioning/heating inadequate"
3188594,135,"Too expensive"
3187448,158,"Poor/old facilities"
3187448,159,"Poor customer service"
3187448,160,"Poor standard of cleanliness/dirty"
3187532,132,"Poor customer service"
3187682,154,"Poor/old facilities"
3187532,136,"Noisy"
3187682,158,"No free internet"
3187682,159,"Noisy"
3187683,162,"No free internet"
3187682,160,"Another reason"
3187682,155,"Too expensive"
3187682,156,"Poor customer service"
3187682,157,"Poor standard of cleanliness/dirty"
3187683,161,"Poor/old facilities"
3187683,163,"Generally poor standard"
3187278,157,"No free internet"
3187278,159,"No air-conditioning/heating inadequate"
3187337,149,"The Qualmark rating was too high"
3187278,158,"Generally poor standard"
3187278,160,"Poor value for money"
3187278,161,"Noisy"
3187337,153,"No air-conditioning/heating inadequate"
3187683,164,"No air-conditioning/heating inadequate"
3187337,148,"Poor/old facilities"
3187337,150,"Poor customer service"
3187337,151,"Poor standard of cleanliness/dirty"
3187453,137,"Too expensive"
3187453,138,"Poor customer service"
3187453,136,"The Qualmark rating was too high"
3187337,152,"Generally poor standard"
3187337,154,"Poor value for money"
3187683,165,"Poor value for money"
3187478,155,"No free internet"
3187478,156,"No air-conditioning/heating inadequate"
3191185,144,"No air-conditioning/heating inadequate"
3187453,140,"Poor value for money"
3187478,157,"Poor value for money"
3191185,143,"Generally poor standard"
3187453,141,"Another reason"
3187478,152,"The Qualmark rating was too high"
3187478,158,"Another reason"
3191268,144,"The Qualmark rating was too high"
3191185,145,"Poor value for money"
3187453,139,"Poor standard of cleanliness/dirty"
3187478,153,"Poor customer service"
3187478,154,"Poor standard of cleanliness/dirty"
3191185,140,"Poor/old facilities"
3191185,141,"Too expensive"
3191185,142,"Poor customer service"
3191268,146,"No free internet"
3191268,147,"Noisy"
3191319,140,"No air-conditioning/heating inadequate"
3191268,148,"Another reason"
3191319,139,"The Qualmark rating was too high"
3187530,144,"The Qualmark rating was too high"
3191268,145,"Too expensive"
3191319,138,"Poor/old facilities"
3191319,141,"Poor value for money"
3187580,141,"Generally poor standard"
3187530,146,"No free internet"
3188569,154,"No free internet"
3188569,152,"The Qualmark rating was too high"
3187530,145,"Poor standard of cleanliness/dirty"
3187580,138,"Poor/old facilities"
3187580,139,"Too expensive"
3187580,140,"Poor standard of cleanliness/dirty"
3188569,153,"Poor customer service"
3191368,157,"Poor/old facilities"
3191319,142,"Noisy"
3191368,159,"No free internet"
3191368,161,"Noisy"
3188569,155,"No air-conditioning/heating inadequate"
3191368,158,"Poor standard of cleanliness/dirty"
3192153,188,"Too expensive"
3191368,160,"Poor value for money"
3191368,162,"Another reason"
3188769,142,"Another reason"
3188569,156,"Noisy"
3188539,148,"No free internet"
3188539,147,"Poor standard of cleanliness/dirty"
3188539,149,"Poor value for money"
3192153,189,"Generally poor standard"
3191193,149,"Too expensive"
3191193,148,"The Qualmark rating was too high"
3191193,150,"Generally poor standard"
3191193,151,"Poor value for money"
3191193,152,"Noisy"
3191325,171,"No air-conditioning/heating inadequate"
3191325,168,"Too expensive"
3191325,169,"Poor standard of cleanliness/dirty"
3191329,139,"Poor/old facilities"
3191329,140,"Too expensive"
3191329,141,"Poor customer service"
3191325,167,"The Qualmark rating was too high"
3192080,139,"No free internet"
3191329,142,"Poor standard of cleanliness/dirty"
3192080,138,"Poor standard of cleanliness/dirty"
3192558,202,"No free internet"
3192558,201,"Poor standard of cleanliness/dirty"
3191325,170,"Generally poor standard"
3191325,172,"Poor value for money"
3191329,143,"Poor value for money"
3192558,200,"The Qualmark rating was too high"
3193158,128,"No free internet"
3193481,141,"No air-conditioning/heating inadequate"
3193158,127,"Too expensive"
3193481,137,"Poor/old facilities"
3193481,139,"Too expensive"
3193481,140,"Poor customer service"
3193158,126,"The Qualmark rating was too high"
3193481,138,"The Qualmark rating was too high"
3193480,140,"No air-conditioning/heating inadequate"
3193480,142,"Noisy"
3193481,143,"Noisy"
3193158,129,"Generally poor standard"
3193480,141,"Poor value for money"
3193481,142,"Poor value for money"
3193480,139,"The Qualmark rating was too high"
3193480,143,"Another reason"
3193480,138,"Poor/old facilities"
3193530,152,"Poor/old facilities"
3193530,155,"Another reason"
3193544,163,"The Qualmark rating was too high"
3193530,154,"No free internet"
3193544,166,"No free internet"
3193544,167,"No air-conditioning/heating inadequate"
3193564,172,"No free internet"
3193530,153,"Poor standard of cleanliness/dirty"
3193544,164,"Poor customer service"
3193544,165,"Poor standard of cleanliness/dirty"
3193564,168,"Poor/old facilities"
3193564,170,"Too expensive"
3193564,169,"The Qualmark rating was too high"
3193564,171,"Poor customer service"
3193540,140,"Poor/old facilities"
3193628,129,"No air-conditioning/heating inadequate"
3193598,153,"No free internet"
3193598,155,"No air-conditioning/heating inadequate"
3193540,142,"Too expensive"
3193628,128,"Poor customer service"
3193598,149,"Poor/old facilities"
3193540,141,"The Qualmark rating was too high"
3193598,150,"The Qualmark rating was too high"
3193564,173,"Poor value for money"
3193540,143,"Poor value for money"
3193628,130,"Poor value for money"
3193598,154,"Generally poor standard"
3193598,156,"Poor value for money"
3193598,157,"Noisy"
3193634,156,"No free internet"
3193634,159,"Noisy"
3193682,158,"No free internet"
3193598,151,"Too expensive"
3193598,152,"Poor standard of cleanliness/dirty"
3193634,153,"Too expensive"
3193634,154,"Poor customer service"
3193634,155,"Poor standard of cleanliness/dirty"
3193682,157,"Too expensive"
3193634,157,"Generally poor standard"
3193634,158,"Poor value for money"
3193682,159,"Generally poor standard"
3193903,151,"Another reason"
3193903,148,"Poor customer service"
3193912,150,"Poor standard of cleanliness/dirty"
3193903,150,"Poor value for money"
3193682,160,"No air-conditioning/heating inadequate"
3193682,161,"Noisy"
3193903,149,"No free internet"
3193912,151,"No free internet"
3193912,152,"No air-conditioning/heating inadequate"
3193912,154,"Noisy"
3193851,154,"No free internet"
3193912,155,"Another reason"
3193851,152,"The Qualmark rating was too high"
3193851,156,"Another reason"
3193912,153,"Poor value for money"
3193851,155,"Noisy"
3193980,159,"Noisy"
3193980,154,"The Qualmark rating was too high"
3193851,151,"Poor/old facilities"
3193851,153,"Too expensive"
3193980,153,"Poor/old facilities"
3193980,155,"Too expensive"
3193980,156,"Poor standard of cleanliness/dirty"
3193901,147,"Poor/old facilities"
3193980,157,"Generally poor standard"
3193980,158,"Poor value for money"
3193901,149,"No air-conditioning/heating inadequate"
3193998,158,"The Qualmark rating was too high"
3193901,150,"Poor value for money"
3193998,161,"Generally poor standard"
3193901,151,"Noisy"
3193998,162,"No air-conditioning/heating inadequate"
3193998,164,"Another reason"
3193901,148,"Poor customer service"
3193998,157,"Poor/old facilities"
3193998,159,"Poor customer service"
3193998,160,"Poor standard of cleanliness/dirty"
3193952,143,"Poor/old facilities"
3193952,144,"Too expensive"
3193998,163,"Poor value for money"
3193952,147,"No air-conditioning/heating inadequate"
3193952,150,"Another reason"
3194062,142,"The Qualmark rating was too high"
3193952,149,"Noisy"
3193540,144,"Noisy"
3194062,144,"No free internet"
3193952,146,"Generally poor standard"
3193952,148,"Poor value for money"
3193576,143,"Poor value for money"
3193952,145,"Poor customer service"
3194062,141,"Poor/old facilities"
3194062,143,"Too expensive"
3193576,140,"Poor/old facilities"
3193626,167,"No air-conditioning/heating inadequate"
3193576,141,"Poor customer service"
3193576,142,"Poor standard of cleanliness/dirty"
3193626,164,"Poor/old facilities"
3193626,166,"Poor standard of cleanliness/dirty"
3193657,147,"Poor/old facilities"
3193657,148,"Too expensive"
3193626,165,"The Qualmark rating was too high"
3193626,168,"Another reason"
3193657,151,"Noisy"
3194068,159,"No free internet"
3193657,150,"Generally poor standard"
3193657,149,"Poor standard of cleanliness/dirty"
3194068,156,"Too expensive"
3194068,157,"Poor customer service"
3194068,158,"Poor standard of cleanliness/dirty"
3194170,164,"Too expensive"
3194068,155,"The Qualmark rating was too high"
3193794,154,"No free internet"
3193794,156,"No air-conditioning/heating inadequate"
3193794,155,"Generally poor standard"
3193794,157,"Poor value for money"
3193794,158,"Noisy"
3194170,167,"No free internet"
3194170,169,"No air-conditioning/heating inadequate"
3193794,152,"Poor customer service"
3193794,153,"Poor standard of cleanliness/dirty"
3194170,165,"Poor customer service"
3194170,166,"Poor standard of cleanliness/dirty"
3194170,170,"Another reason"
3194273,145,"The Qualmark rating was too high"
3194170,168,"Generally poor standard"
3194273,146,"Generally poor standard"
3194273,147,"Poor value for money"
3194273,148,"Noisy"
3194218,153,"No free internet"
3194273,144,"Poor/old facilities"
3194218,151,"Too expensive"
3194218,152,"Poor customer service"
3194291,148,"Too expensive"
3194291,149,"Poor customer service"
3194291,150,"Poor standard of cleanliness/dirty"
3194218,154,"Poor value for money"
3194291,151,"No free internet"
3194291,152,"No air-conditioning/heating inadequate"
3194218,150,"The Qualmark rating was too high"
3194291,147,"The Qualmark rating was too high"
3194291,153,"Noisy"
3193874,147,"No free internet"
3193978,168,"No free internet"
3193978,169,"No air-conditioning/heating inadequate"
3193874,145,"Poor/old facilities"
3193874,146,"Poor customer service"
3193978,165,"Poor/old facilities"
3193978,166,"Too expensive"
3193978,167,"Poor standard of cleanliness/dirty"
3193874,148,"Another reason"
3193994,157,"Poor/old facilities"
3193994,159,"Poor customer service"
3193994,160,"Poor standard of cleanliness/dirty"
3194075,141,"Poor/old facilities"
3194075,142,"Too expensive"
3194075,143,"Poor customer service"
3193994,161,"Poor value for money"
3193994,158,"The Qualmark rating was too high"
3193978,170,"Noisy"
3194075,144,"No free internet"
3194075,146,"No air-conditioning/heating inadequate"
3194125,130,"Poor/old facilities"
3194125,131,"Too expensive"
3194125,132,"Poor customer service"
3194075,145,"Generally poor standard"
3194075,148,"Another reason"
3194075,147,"Noisy"
3194175,144,"No air-conditioning/heating inadequate"
3194175,143,"Generally poor standard"
3194175,142,"The Qualmark rating was too high"
3194175,145,"Another reason"
3338961,173,"Noisy"
3461445,148,"No free internet"
3338961,169,"Too expensive"
3338961,170,"Poor customer service"
3338961,171,"Poor standard of cleanliness/dirty"
3461445,146,"Poor customer service"
3461445,147,"Poor standard of cleanliness/dirty"
3461445,150,"No air-conditioning/heating inadequate"
3461531,164,"No free internet"
3338961,174,"Another reason"
3461445,152,"Another reason"
3461531,167,"Another reason"
3338961,172,"Generally poor standard"
3461445,149,"Generally poor standard"
3461445,151,"Poor value for money"
3461531,165,"Poor value for money"
3461531,166,"Noisy"
3461624,147,"No free internet"
3461624,148,"Noisy"
3461722,158,"No free internet"
3461531,163,"Poor/old facilities"
3461624,145,"Poor/old facilities"
3461624,146,"Poor customer service"
3461688,136,"Another reason"
3461688,134,"Poor customer service"
3461688,135,"Poor standard of cleanliness/dirty"
3461722,157,"Too expensive"
3461824,151,"Poor/old facilities"
3461824,153,"Poor customer service"
3461824,154,"Poor standard of cleanliness/dirty"
3461824,152,"The Qualmark rating was too high"
3461824,157,"Another reason"
3461722,159,"Generally poor standard"
3461824,155,"Poor value for money"
3461824,156,"Noisy"
3471175,129,"No air-conditioning/heating inadequate"
3471175,127,"The Qualmark rating was too high"
3471175,126,"Poor/old facilities"
3471175,128,"Poor customer service"
3471189,168,"No free internet"
3471325,163,"No free internet"
3471325,164,"Generally poor standard"
3471189,165,"The Qualmark rating was too high"
3471325,161,"The Qualmark rating was too high"
3471325,166,"Another reason"
3471516,154,"The Qualmark rating was too high"
3471189,166,"Poor customer service"
3471189,167,"Poor standard of cleanliness/dirty"
3471325,160,"Poor/old facilities"
3471325,162,"Poor customer service"
3471516,155,"Too expensive"
3471516,156,"Poor customer service"
3471516,162,"Another reason"
3471868,134,"The Qualmark rating was too high"
3471893,147,"The Qualmark rating was too high"
3471516,157,"Poor standard of cleanliness/dirty"
3471809,162,"Poor customer service"
3471868,133,"Poor/old facilities"
3471868,135,"Poor standard of cleanliness/dirty"
3471893,146,"Poor/old facilities"
3471893,148,"Poor customer service"
3471516,160,"Poor value for money"
3471809,163,"Generally poor standard"
3471868,137,"Poor value for money"
3471893,149,"Poor standard of cleanliness/dirty"
3471325,165,"No air-conditioning/heating inadequate"
3471516,158,"No free internet"
3471516,159,"No air-conditioning/heating inadequate"
3471516,161,"Noisy"
3471868,136,"No air-conditioning/heating inadequate"
3471893,150,"No air-conditioning/heating inadequate"
3472316,164,"The Qualmark rating was too high"
3472043,147,"Poor customer service"
3472043,148,"Poor standard of cleanliness/dirty"
3472316,165,"Too expensive"
3472043,150,"Poor value for money"
3471893,151,"Noisy"
3472043,149,"No air-conditioning/heating inadequate"
3472316,166,"No air-conditioning/heating inadequate"
3472316,167,"Noisy"
3472661,167,"No free internet"
3472316,168,"Another reason"
3472661,171,"Another reason"
3472661,166,"Poor/old facilities"
3472661,168,"Generally poor standard"
3472661,169,"Poor value for money"
3472661,170,"Noisy"
3497168,147,"Noisy"
3497263,140,"Poor customer service"
3497263,141,"Poor standard of cleanliness/dirty"
3497263,142,"Poor value for money"
3497263,143,"Noisy"
3497654,143,"No free internet"
3497654,144,"No air-conditioning/heating inadequate"
3497713,153,"No air-conditioning/heating inadequate"
3497654,142,"Too expensive"
3497713,150,"Poor/old facilities"
3497713,151,"Too expensive"
3497713,152,"Poor customer service"
3497654,141,"The Qualmark rating was too high"
3497713,154,"Poor value for money"
3497788,156,"No air-conditioning/heating inadequate"
3497788,157,"Noisy"
3502484,178,"No free internet"
3502484,179,"No air-conditioning/heating inadequate"
3497788,154,"Poor customer service"
3502484,177,"Poor/old facilities"
3497713,155,"Another reason"
3501739,116,"The Qualmark rating was too high"
3497788,155,"Generally poor standard"
3502484,181,"Another reason"
3502484,180,"Noisy"
3523251,177,"No air-conditioning/heating inadequate"
3523251,176,"Poor/old facilities"
3338482,157,"Too expensive"
3338482,158,"Poor customer service"
3338482,159,"Poor standard of cleanliness/dirty"
3338482,156,"The Qualmark rating was too high"
3338482,161,"Noisy"
3338915,143,"No free internet"
3338482,160,"Generally poor standard"
3338915,144,"Generally poor standard"
3338915,145,"Poor value for money"
3338915,141,"The Qualmark rating was too high"
3338915,147,"Another reason"
3338915,140,"Poor/old facilities"
3338915,142,"Too expensive"
3461435,142,"Poor/old facilities"
3338915,146,"Noisy"
3338569,151,"No free internet"
3338569,153,"No air-conditioning/heating inadequate"
3338569,152,"Generally poor standard"
3338569,154,"Poor value for money"
3338569,150,"Poor customer service"
3338569,155,"Noisy"
3338910,156,"No free internet"
3338569,149,"The Qualmark rating was too high"
3338569,156,"Another reason"
3338910,152,"The Qualmark rating was too high"
3338910,160,"Another reason"
3338910,151,"Poor/old facilities"
3338910,153,"Too expensive"
3338910,154,"Poor customer service"
3338910,155,"Poor standard of cleanliness/dirty"
3338910,158,"No air-conditioning/heating inadequate"
3338910,159,"Noisy"
3461503,166,"No free internet"
3338910,157,"Generally poor standard"
3461503,167,"Generally poor standard"
3461503,165,"The Qualmark rating was too high"
3461512,135,"The Qualmark rating was too high"
3461503,168,"Noisy"
3461614,171,"No free internet"
3461614,172,"No air-conditioning/heating inadequate"
3461512,137,"Poor value for money"
3461614,173,"Poor value for money"
3461503,164,"Poor/old facilities"
3461512,134,"Poor/old facilities"
3461512,136,"Too expensive"
3461614,168,"Too expensive"
3461614,169,"Poor customer service"
3461614,167,"The Qualmark rating was too high"
3461614,174,"Another reason"
3461435,145,"Noisy"
3461451,159,"No free internet"
3461435,144,"Poor value for money"
3461451,160,"Generally poor standard"
3461435,146,"Another reason"
3461451,157,"The Qualmark rating was too high"
3461451,161,"Noisy"
3461482,145,"Noisy"
3461482,146,"Another reason"
3461482,144,"Poor value for money"
3461614,170,"Poor standard of cleanliness/dirty"
3461435,143,"Poor standard of cleanliness/dirty"
3461451,158,"Too expensive"
3461482,142,"Poor/old facilities"
3461482,143,"Poor standard of cleanliness/dirty"
3461830,137,"Poor/old facilities"
3461830,140,"No air-conditioning/heating inadequate"
3461830,141,"Noisy"
3461848,159,"No free internet"
3461848,160,"Another reason"
3461830,138,"Too expensive"
3461830,139,"Poor customer service"
3461848,158,"Poor standard of cleanliness/dirty"
3461896,146,"Poor/old facilities"
3461896,147,"Too expensive"
3461896,148,"Poor customer service"
3461619,160,"No free internet"
3461619,161,"No air-conditioning/heating inadequate"
3461896,150,"Generally poor standard"
3461896,151,"Poor value for money"
3461896,149,"Poor standard of cleanliness/dirty"
3461619,157,"Poor/old facilities"
3461619,159,"Poor customer service"
3461896,152,"Another reason"
3461619,158,"The Qualmark rating was too high"
3461619,162,"Noisy"
3461652,149,"No free internet"
3461652,150,"No air-conditioning/heating inadequate"
3461652,147,"Too expensive"
3461652,148,"Poor customer service"
3461716,154,"Poor/old facilities"
3461716,155,"Poor standard of cleanliness/dirty"
3461652,146,"The Qualmark rating was too high"
3461652,151,"Another reason"
3461716,157,"No air-conditioning/heating inadequate"
3461716,158,"Noisy"
3461886,159,"No free internet"
3461716,156,"Generally poor standard"
3461886,160,"Generally poor standard"
3461716,159,"Another reason"
3462791,132,"The Qualmark rating was too high"
3462791,131,"Poor/old facilities"
3461886,158,"Poor/old facilities"
3461886,161,"No air-conditioning/heating inadequate"
3461886,163,"Noisy"
3461902,155,"No free internet"
3461886,162,"Poor value for money"
3461902,156,"Generally poor standard"
3461902,153,"The Qualmark rating was too high"
3461902,154,"Poor customer service"
3463411,209,"No free internet"
3461542,136,"No free internet"
3463411,210,"Generally poor standard"
3461542,138,"Another reason"
3463411,208,"Poor standard of cleanliness/dirty"
3461542,135,"Poor standard of cleanliness/dirty"
3461544,171,"Too expensive"
3461544,172,"Poor customer service"
3461542,137,"Noisy"
3461544,173,"No free internet"
3461544,175,"No air-conditioning/heating inadequate"
3461610,123,"No free internet"
3461544,174,"Generally poor standard"
3461544,176,"Poor value for money"
3463786,144,"Too expensive"
3461610,120,"Poor/old facilities"
3461610,121,"Poor customer service"
3461610,122,"Poor standard of cleanliness/dirty"
3461693,145,"No air-conditioning/heating inadequate"
3461693,144,"Generally poor standard"
3461693,143,"The Qualmark rating was too high"
3461693,146,"Another reason"
3462680,180,"The Qualmark rating was too high"
3463891,154,"No air-conditioning/heating inadequate"
3463065,184,"Generally poor standard"
3463891,155,"Poor value for money"
3462861,171,"Poor customer service"
3463891,153,"The Qualmark rating was too high"
3463891,156,"Noisy"
3464168,168,"Noisy"
3464168,169,"Another reason"
3470988,175,"No air-conditioning/heating inadequate"
3470988,176,"Noisy"
3471097,150,"No free internet"
3471097,152,"No air-conditioning/heating inadequate"
3470988,174,"Generally poor standard"
3471097,151,"Generally poor standard"
3471097,153,"Poor value for money"
3471097,148,"Poor customer service"
3471097,149,"Poor standard of cleanliness/dirty"
3471113,153,"No free internet"
3471113,154,"No air-conditioning/heating inadequate"
3471097,154,"Another reason"
3471113,156,"Another reason"
3471113,151,"Poor/old facilities"
3471113,152,"Poor standard of cleanliness/dirty"
3471113,155,"Noisy"
3470975,150,"No free internet"
3470975,152,"No air-conditioning/heating inadequate"
3470975,148,"The Qualmark rating was too high"
3470975,147,"Poor/old facilities"
3470975,149,"Poor standard of cleanliness/dirty"
3471358,159,"Poor/old facilities"
3470975,154,"Noisy"
3471358,163,"No free internet"
3471358,160,"The Qualmark rating was too high"
3471358,165,"Another reason"
3471472,151,"Another reason"
3470975,151,"Generally poor standard"
3470975,153,"Poor value for money"
3471358,164,"No air-conditioning/heating inadequate"
3471358,161,"Poor customer service"
3471358,162,"Poor standard of cleanliness/dirty"
3471472,148,"Poor/old facilities"
3471472,149,"Poor customer service"
3471492,166,"Poor/old facilities"
3471472,150,"Noisy"
3471492,169,"No air-conditioning/heating inadequate"
3471492,170,"Noisy"
3471227,140,"No free internet"
3471227,137,"The Qualmark rating was too high"
3471492,167,"Too expensive"
3471492,168,"Poor standard of cleanliness/dirty"
3471227,136,"Poor/old facilities"
3471227,138,"Too expensive"
3471227,139,"Poor customer service"
3471227,141,"Generally poor standard"
3471858,168,"Noisy"
3471227,142,"Noisy"
3471858,164,"The Qualmark rating was too high"
3471227,143,"Another reason"
3472049,177,"Another reason"
3471395,221,"The Qualmark rating was too high"
3471858,163,"Poor/old facilities"
3471858,165,"Poor customer service"
3471858,166,"Poor standard of cleanliness/dirty"
3472049,172,"Too expensive"
3472049,173,"Poor standard of cleanliness/dirty"
3471395,222,"Poor standard of cleanliness/dirty"
3471858,167,"Poor value for money"
3472049,174,"Generally poor standard"
3471395,223,"Generally poor standard"
3471610,139,"The Qualmark rating was too high"
3471610,141,"Generally poor standard"
3472403,163,"Generally poor standard"
3471610,140,"Poor customer service"
3472403,161,"Poor/old facilities"
3472049,175,"No air-conditioning/heating inadequate"
3472049,176,"Noisy"
3471610,142,"No air-conditioning/heating inadequate"
3472403,162,"No free internet"
3472403,164,"No air-conditioning/heating inadequate"
3472403,165,"Noisy"
3471334,152,"No free internet"
3471334,153,"No air-conditioning/heating inadequate"
3472517,145,"No free internet"
3472403,166,"Another reason"
3471334,151,"Poor standard of cleanliness/dirty"
3472517,142,"Too expensive"
3472517,143,"Poor customer service"
3472517,144,"Poor standard of cleanliness/dirty"
3471368,150,"Too expensive"
3471368,151,"Poor customer service"
3472517,146,"No air-conditioning/heating inadequate"
3471368,153,"No free internet"
3472517,147,"Poor value for money"
3472517,148,"Another reason"
3471878,184,"The Qualmark rating was too high"
3471619,146,"The Qualmark rating was too high"
3471368,152,"Poor standard of cleanliness/dirty"
3471878,183,"Poor/old facilities"
3471878,185,"Poor standard of cleanliness/dirty"
3471619,147,"Too expensive"
3471619,148,"No free internet"
3471619,150,"No air-conditioning/heating inadequate"
3471619,152,"Noisy"
3471772,147,"No air-conditioning/heating inadequate"
3471772,145,"Too expensive"
3471772,146,"Poor customer service"
3471619,149,"Generally poor standard"
3471619,151,"Poor value for money"
3471772,148,"Poor value for money"
3471878,186,"No free internet"
3471878,189,"Noisy"
3471772,149,"Noisy"
3471787,151,"No free internet"
3471878,187,"Generally poor standard"
3471878,188,"Poor value for money"
3471787,148,"Poor/old facilities"
3471787,149,"Too expensive"
3471787,150,"Poor customer service"
3471931,158,"No air-conditioning/heating inadequate"
3471787,153,"Another reason"
3471931,156,"The Qualmark rating was too high"
3471787,152,"Poor value for money"
3471931,159,"Poor value for money"
3471931,155,"Poor/old facilities"
3471931,157,"Poor customer service"
3471931,160,"Noisy"
3471923,138,"Noisy"
3471923,139,"Another reason"
3471923,137,"Poor value for money"
3471923,136,"Poor standard of cleanliness/dirty"
3497228,159,"No air-conditioning/heating inadequate"
3497228,155,"The Qualmark rating was too high"
3497228,154,"Poor/old facilities"
3497228,156,"Too expensive"
3497228,157,"Poor customer service"
3497228,158,"Poor standard of cleanliness/dirty"
3472449,157,"Poor customer service"
3472449,158,"Poor standard of cleanliness/dirty"
3497228,160,"Noisy"
3472449,159,"No free internet"
3472479,156,"No free internet"
3472449,160,"Another reason"
3472479,154,"The Qualmark rating was too high"
3497519,143,"Generally poor standard"
3497519,141,"Too expensive"
3497519,142,"Poor standard of cleanliness/dirty"
3472479,153,"Poor/old facilities"
3472479,155,"Poor customer service"
3497639,168,"No free internet"
3497621,140,"The Qualmark rating was too high"
3497639,169,"Another reason"
3497621,143,"Generally poor standard"
3497621,144,"Poor value for money"
3497621,139,"Poor/old facilities"
3497621,141,"Too expensive"
3497621,142,"Poor customer service"
3497639,167,"Too expensive"
3497703,138,"No air-conditioning/heating inadequate"
3497703,139,"Noisy"
3497746,148,"No air-conditioning/heating inadequate"
3497746,145,"The Qualmark rating was too high"
3472479,158,"Another reason"
3497703,135,"Too expensive"
3497703,136,"Poor standard of cleanliness/dirty"
3497746,146,"Poor customer service"
3497746,147,"Poor standard of cleanliness/dirty"
3497703,137,"Generally poor standard"
3497746,149,"Poor value for money"
3472479,157,"Poor value for money"
3497231,155,"The Qualmark rating was too high"
3497231,159,"Another reason"
3497231,156,"Too expensive"
3497231,157,"Poor standard of cleanliness/dirty"
3497231,158,"Noisy"
3497247,159,"Noisy"
3497247,158,"Generally poor standard"
3497247,157,"Poor/old facilities"
3497265,158,"Too expensive"
3497265,159,"Poor customer service"
3497247,160,"Another reason"
3497265,157,"The Qualmark rating was too high"
3497265,160,"No free internet"
3497265,161,"No air-conditioning/heating inadequate"
3497281,159,"No free internet"
3497281,156,"Poor/old facilities"
3497281,157,"Poor customer service"
3497281,158,"Poor standard of cleanliness/dirty"
3497549,135,"Poor/old facilities"
3497265,162,"Poor value for money"
3497281,160,"Another reason"
3497549,136,"No free internet"
3497565,140,"Another reason"
3497224,143,"The Qualmark rating was too high"
3497549,137,"Poor value for money"
3497224,145,"Generally poor standard"
3497565,137,"Poor/old facilities"
3497565,138,"Poor customer service"
3497224,144,"Poor customer service"
3497565,139,"Noisy"
3497224,146,"No air-conditioning/heating inadequate"
3497224,148,"Noisy"
3497239,133,"No free internet"
3497239,135,"No air-conditioning/heating inadequate"
3497239,130,"Poor/old facilities"
3497239,131,"Poor customer service"
3497239,132,"Poor standard of cleanliness/dirty"
3497224,147,"Poor value for money"
3497239,134,"Generally poor standard"
3497768,140,"No air-conditioning/heating inadequate"
3497768,142,"Noisy"
3497239,137,"Noisy"
3497768,137,"The Qualmark rating was too high"
3497768,143,"Another reason"
3497768,139,"Generally poor standard"
3497768,141,"Poor value for money"
3497239,136,"Poor value for money"
3497768,138,"Too expensive"
3497526,149,"No air-conditioning/heating inadequate"
3497526,145,"The Qualmark rating was too high"
3497526,148,"Generally poor standard"
3497526,150,"Poor value for money"
3497526,144,"Poor/old facilities"
3497526,146,"Too expensive"
3497526,147,"Poor standard of cleanliness/dirty"
3497590,161,"Too expensive"
3497590,162,"Poor customer service"
3497606,165,"No free internet"
3497590,164,"Another reason"
3497606,161,"The Qualmark rating was too high"
3497606,166,"Generally poor standard"
3497590,163,"Poor standard of cleanliness/dirty"
3497606,160,"Poor/old facilities"
3497606,162,"Too expensive"
3497606,163,"Poor customer service"
3497606,164,"Poor standard of cleanliness/dirty"
3497606,167,"No air-conditioning/heating inadequate"
3497606,169,"Noisy"
3497609,155,"No air-conditioning/heating inadequate"
3497609,157,"Another reason"
3497609,153,"Too expensive"
3497609,154,"Poor customer service"
3497743,154,"Poor/old facilities"
3497606,168,"Poor value for money"
3497609,156,"Poor value for money"
3497743,158,"No free internet"
3497743,155,"The Qualmark rating was too high"
3497743,162,"Another reason"
3497743,156,"Too expensive"
3497743,157,"Poor customer service"
3497743,159,"Generally poor standard"
3497743,160,"Poor value for money"
3497743,161,"Noisy"
3523227,165,"No free internet"
3523227,167,"No air-conditioning/heating inadequate"
3523227,166,"Generally poor standard"
3523227,162,"Poor/old facilities"
3523227,163,"Too expensive"
3523227,164,"Poor standard of cleanliness/dirty"
3191415,149,"No air-conditioning/heating inadequate"
3191470,148,"No free internet"
3191470,149,"Generally poor standard"
3191470,150,"Poor value for money"
3191470,151,"Noisy"
3191518,148,"No air-conditioning/heating inadequate"
3191518,150,"Noisy"
3191425,149,"No free internet"
3191425,151,"No air-conditioning/heating inadequate"
3189183,127,"Not sure"
3191415,147,"The Qualmark rating was too high"
3191415,150,"Another reason"
3191470,146,"The Qualmark rating was too high"
3191518,151,"Another reason"
3191536,155,"The Qualmark rating was too high"
3191425,154,"Another reason"
3191518,147,"Generally poor standard"
3191518,149,"Poor value for money"
3191425,150,"Generally poor standard"
3191425,152,"Poor value for money"
3191415,148,"Poor standard of cleanliness/dirty"
3191470,147,"Too expensive"
3191518,146,"Poor standard of cleanliness/dirty"
3191536,156,"Too expensive"
3191425,153,"Noisy"
3191430,161,"No free internet"
3191536,157,"Poor customer service"
3191425,148,"Poor customer service"
3191430,158,"Poor/old facilities"
3191430,159,"Poor customer service"
3191430,160,"Poor standard of cleanliness/dirty"
3191480,141,"Too expensive"
3191430,163,"Another reason"
3191480,140,"The Qualmark rating was too high"
3191430,162,"Poor value for money"
3191480,143,"No free internet"
3191480,145,"No air-conditioning/heating inadequate"
3191480,147,"Noisy"
3191461,149,"No free internet"
3191480,142,"Poor standard of cleanliness/dirty"
3191461,147,"Too expensive"
3191461,148,"Poor customer service"
3191480,144,"Generally poor standard"
3191480,146,"Poor value for money"
3191461,150,"No air-conditioning/heating inadequate"
3191461,152,"Noisy"
3191644,134,"No free internet"
3191644,130,"Poor/old facilities"
3191644,131,"Too expensive"
3191644,132,"Poor customer service"
3191644,133,"Poor standard of cleanliness/dirty"
3191461,151,"Poor value for money"
3191461,153,"Another reason"
3191644,135,"No air-conditioning/heating inadequate"
3191536,158,"No free internet"
3191449,143,"Poor/old facilities"
3191449,145,"Too expensive"
3191644,136,"Poor value for money"
3191536,159,"Poor value for money"
3191644,137,"Another reason"
3191449,144,"The Qualmark rating was too high"
3191536,160,"Noisy"
3191811,149,"No free internet"
3191811,146,"Poor/old facilities"
3191811,147,"Poor customer service"
3191811,148,"Poor standard of cleanliness/dirty"
3191554,148,"Poor/old facilities"
3191811,150,"Generally poor standard"
3191811,151,"Poor value for money"
3191811,153,"Another reason"
3191811,152,"Noisy"
3191554,154,"Noisy"
3191554,150,"Too expensive"
3191554,151,"Poor customer service"
3191554,152,"Poor standard of cleanliness/dirty"
3191588,142,"Poor/old facilities"
3191588,143,"Poor customer service"
3191554,153,"Generally poor standard"
3191554,149,"The Qualmark rating was too high"
3191554,155,"Another reason"
3191588,146,"No air-conditioning/heating inadequate"
3191602,150,"No free internet"
3191588,144,"Poor standard of cleanliness/dirty"
3191602,148,"Poor/old facilities"
3191602,149,"Poor customer service"
3191588,145,"Generally poor standard"
3191588,147,"Poor value for money"
3191602,151,"Generally poor standard"
3191588,148,"Another reason"
3191602,152,"No air-conditioning/heating inadequate"
3191449,148,"No free internet"
3191449,149,"No air-conditioning/heating inadequate"
3191602,154,"Another reason"
3191449,150,"Another reason"
3191449,146,"Poor customer service"
3191449,147,"Poor standard of cleanliness/dirty"
3191602,153,"Poor value for money"
3191667,144,"The Qualmark rating was too high"
3191547,153,"Poor/old facilities"
3191547,154,"Too expensive"
3191667,143,"Poor/old facilities"
3191667,145,"Too expensive"
3191547,157,"Noisy"
3191667,147,"No air-conditioning/heating inadequate"
3191758,159,"The Qualmark rating was too high"
3191667,146,"Poor customer service"
3191547,155,"Generally poor standard"
3191547,156,"Poor value for money"
3191758,160,"Generally poor standard"
3337588,146,"No free internet"
3337779,158,"No free internet"
3337779,159,"No air-conditioning/heating inadequate"
3337588,148,"Another reason"
3337588,147,"Poor value for money"
3337779,160,"Poor value for money"
3337779,161,"Another reason"
3337780,144,"Generally poor standard"
3337588,144,"Poor/old facilities"
3337588,145,"Poor standard of cleanliness/dirty"
3337779,157,"Poor standard of cleanliness/dirty"
3337780,141,"Too expensive"
3337780,142,"Poor customer service"
3337780,143,"Poor standard of cleanliness/dirty"
3337780,145,"Noisy"
3338153,167,"No air-conditioning/heating inadequate"
3337789,153,"Another reason"
3338153,166,"Generally poor standard"
3338153,164,"Too expensive"
3338153,165,"Poor standard of cleanliness/dirty"
3337789,151,"Too expensive"
3337789,152,"Poor customer service"
3338211,139,"Too expensive"
3338153,168,"Noisy"
3338272,124,"No free internet"
3338272,126,"No air-conditioning/heating inadequate"
3338272,128,"Another reason"
3338272,120,"Poor/old facilities"
3338272,121,"Too expensive"
3338272,122,"Poor customer service"
3338272,123,"Poor standard of cleanliness/dirty"
3338272,127,"Noisy"
3338245,151,"No free internet"
3338272,125,"Generally poor standard"
3338211,142,"Generally poor standard"
3338245,152,"Generally poor standard"
3338245,153,"Poor value for money"
3338263,126,"The Qualmark rating was too high"
3338211,140,"Poor customer service"
3338211,141,"Poor standard of cleanliness/dirty"
3338245,150,"Poor/old facilities"
3338263,125,"Poor/old facilities"
3338657,137,"Poor/old facilities"
3338657,138,"Too expensive"
3338657,141,"No free internet"
3338118,167,"The Qualmark rating was too high"
3338657,139,"Poor customer service"
3338657,140,"Poor standard of cleanliness/dirty"
3338118,166,"Poor/old facilities"
3338118,168,"Too expensive"
3338118,169,"Poor customer service"
3338118,170,"Poor standard of cleanliness/dirty"
3338657,142,"Generally poor standard"
3338193,141,"The Qualmark rating was too high"
3338657,143,"Noisy"
3338209,146,"No free internet"
3338209,148,"No air-conditioning/heating inadequate"
3338263,129,"No free internet"
3338263,130,"No air-conditioning/heating inadequate"
3338193,144,"Generally poor standard"
3338193,145,"Poor value for money"
3338209,147,"Generally poor standard"
3338209,149,"Poor value for money"
3338193,142,"Poor customer service"
3338193,143,"Poor standard of cleanliness/dirty"
3338209,145,"Poor/old facilities"
3338263,127,"Too expensive"
3338263,128,"Poor standard of cleanliness/dirty"
3338209,150,"Noisy"
3339174,154,"No air-conditioning/heating inadequate"
3339174,153,"Generally poor standard"
3338209,151,"Another reason"
3339174,151,"Too expensive"
3339174,152,"Poor standard of cleanliness/dirty"
3339225,140,"Too expensive"
3339225,141,"Poor customer service"
3339174,155,"Noisy"
3339225,142,"No air-conditioning/heating inadequate"
3338713,154,"No free internet"
3338713,156,"No air-conditioning/heating inadequate"
3339225,143,"Poor value for money"
3338713,159,"Another reason"
3338713,158,"Noisy"
3339049,163,"No free internet"
3339049,164,"No air-conditioning/heating inadequate"
3339049,159,"The Qualmark rating was too high"
3339049,166,"Another reason"
3339084,161,"The Qualmark rating was too high"
3338713,155,"Generally poor standard"
3338713,157,"Poor value for money"
3339049,165,"Poor value for money"
3338718,150,"Poor value for money"
3338713,153,"Too expensive"
3339049,160,"Too expensive"
3339049,161,"Poor customer service"
3339049,162,"Poor standard of cleanliness/dirty"
3338718,148,"The Qualmark rating was too high"
3338718,152,"Another reason"
3338761,155,"Another reason"
3338761,154,"Poor value for money"
3338718,151,"Noisy"
3338761,153,"No air-conditioning/heating inadequate"
3338718,147,"Poor/old facilities"
3338718,149,"Poor standard of cleanliness/dirty"
3338761,151,"Too expensive"
3338761,152,"Poor standard of cleanliness/dirty"
3462012,152,"Poor/old facilities"
3462012,153,"Too expensive"
3339084,163,"No free internet"
3339084,166,"Noisy"
3339052,150,"No free internet"
3339052,152,"No air-conditioning/heating inadequate"
3339052,154,"Noisy"
3339070,151,"No air-conditioning/heating inadequate"
3462012,154,"Poor customer service"
3339084,162,"Poor standard of cleanliness/dirty"
3462046,141,"Poor customer service"
3339052,149,"Poor customer service"
3339070,149,"Poor customer service"
3462046,140,"The Qualmark rating was too high"
3339052,148,"The Qualmark rating was too high"
3339052,155,"Another reason"
3339070,148,"The Qualmark rating was too high"
3462012,155,"Generally poor standard"
3339084,164,"Generally poor standard"
3339084,165,"Poor value for money"
3339052,151,"Generally poor standard"
3339052,153,"Poor value for money"
3339070,150,"Generally poor standard"
3339070,153,"Noisy"
3339127,152,"No free internet"
3339127,154,"Noisy"
3339229,161,"No air-conditioning/heating inadequate"
3339127,151,"Poor standard of cleanliness/dirty"
3339070,154,"Another reason"
3339127,150,"The Qualmark rating was too high"
3339127,155,"Another reason"
3339229,159,"The Qualmark rating was too high"
3339229,162,"Another reason"
3339243,149,"The Qualmark rating was too high"
3339070,152,"Poor value for money"
3339127,153,"Generally poor standard"
3339229,158,"Poor/old facilities"
3339229,160,"Too expensive"
3339243,148,"Poor/old facilities"
3339243,150,"Too expensive"
3339243,151,"Poor standard of cleanliness/dirty"
3339243,152,"No free internet"
3339243,153,"No air-conditioning/heating inadequate"
3339243,155,"Another reason"
3339702,157,"Too expensive"
3339702,158,"Poor customer service"
3338110,147,"Poor/old facilities"
3338110,148,"Poor standard of cleanliness/dirty"
3339243,154,"Noisy"
3338110,149,"No air-conditioning/heating inadequate"
3338110,150,"Noisy"
3338135,157,"No free internet"
3338135,155,"Poor/old facilities"
3338135,156,"Too expensive"
3462046,142,"Poor standard of cleanliness/dirty"
3339702,159,"Poor value for money"
3338135,158,"Poor value for money"
3338110,151,"Another reason"
3338135,159,"Another reason"
3339816,138,"Poor customer service"
3462046,143,"No air-conditioning/heating inadequate"
3462046,144,"Noisy"
3339816,139,"No free internet"
3339816,142,"Noisy"
3339754,135,"Noisy"
3462036,155,"Noisy"
3339806,148,"No air-conditioning/heating inadequate"
3339816,140,"Generally poor standard"
3339816,141,"Poor value for money"
3339754,133,"Generally poor standard"
3339754,134,"Poor value for money"
3462046,145,"Another reason"
3339816,143,"Another reason"
3339754,136,"Another reason"
3339806,145,"The Qualmark rating was too high"
3339806,150,"Another reason"
3462008,166,"The Qualmark rating was too high"
3339754,131,"Too expensive"
3339754,132,"Poor standard of cleanliness/dirty"
3462036,153,"Poor customer service"
3462036,154,"Poor standard of cleanliness/dirty"
3339806,146,"Poor standard of cleanliness/dirty"
3462008,165,"Poor/old facilities"
3462008,169,"Noisy"
3462058,150,"Noisy"
3462138,147,"No free internet"
3462049,144,"The Qualmark rating was too high"
3462049,146,"Another reason"
3462056,151,"Another reason"
3462138,145,"The Qualmark rating was too high"
3462008,167,"Poor customer service"
3462049,143,"Poor/old facilities"
3462056,149,"Poor standard of cleanliness/dirty"
3462058,148,"Too expensive"
3462058,149,"Poor standard of cleanliness/dirty"
3462138,146,"Poor standard of cleanliness/dirty"
3339806,147,"Generally poor standard"
3339806,149,"Poor value for money"
3462008,168,"Generally poor standard"
3462049,145,"Poor value for money"
3462056,150,"Generally poor standard"
3462138,148,"Generally poor standard"
3462062,137,"No free internet"
3462062,134,"Poor/old facilities"
3462062,136,"Too expensive"
3462062,135,"The Qualmark rating was too high"
3462156,158,"The Qualmark rating was too high"
3338183,136,"No air-conditioning/heating inadequate"
3462156,159,"Too expensive"
3338183,134,"Too expensive"
3338183,135,"Poor customer service"
3462195,165,"Too expensive"
3462195,166,"Poor customer service"
3462054,153,"Poor/old facilities"
3462036,156,"Another reason"
3338183,138,"Another reason"
3462195,164,"The Qualmark rating was too high"
3338183,137,"Noisy"
3462195,169,"Noisy"
3462054,156,"No free internet"
3462138,149,"Poor value for money"
3462195,167,"Generally poor standard"
3462195,168,"Poor value for money"
3462054,157,"Generally poor standard"
3462054,154,"Too expensive"
3462054,155,"Poor standard of cleanliness/dirty"
3462195,170,"Another reason"
3462054,159,"Another reason"
3462067,159,"Generally poor standard"
3462067,160,"Poor value for money"
3462067,155,"The Qualmark rating was too high"
3462067,161,"Another reason"
3462054,158,"Noisy"
3462067,158,"No free internet"
3338210,149,"No free internet"
3338235,148,"No air-conditioning/heating inadequate"
3462067,154,"Poor/old facilities"
3462067,156,"Too expensive"
3462067,157,"Poor standard of cleanliness/dirty"
3338210,148,"Poor standard of cleanliness/dirty"
3338235,145,"Poor/old facilities"
3338235,146,"The Qualmark rating was too high"
3338235,150,"Another reason"
3338210,150,"Generally poor standard"
3338235,149,"Noisy"
3462171,132,"No free internet"
3462171,133,"No air-conditioning/heating inadequate"
3462171,129,"The Qualmark rating was too high"
3338235,147,"Poor standard of cleanliness/dirty"
3462171,128,"Poor/old facilities"
3462171,130,"Poor customer service"
3462171,131,"Poor standard of cleanliness/dirty"
3462184,174,"Noisy"
3338299,144,"No free internet"
3338299,146,"No air-conditioning/heating inadequate"
3338299,145,"Generally poor standard"
3338299,147,"Poor value for money"
3462184,172,"Too expensive"
3462184,173,"Poor standard of cleanliness/dirty"
3338299,142,"Poor/old facilities"
3338299,143,"Too expensive"
3465295,168,"Poor/old facilities"
3465295,169,"Poor standard of cleanliness/dirty"
3462184,175,"Another reason"
3338299,148,"Another reason"
3465295,170,"Poor value for money"
3338669,160,"No free internet"
3338669,161,"No air-conditioning/heating inadequate"
3339121,151,"No free internet"
3338669,157,"Poor/old facilities"
3338669,159,"Poor customer service"
3339121,150,"Poor standard of cleanliness/dirty"
3472902,148,"No air-conditioning/heating inadequate"
3472920,156,"No free internet"
3472920,157,"No air-conditioning/heating inadequate"
3338669,158,"The Qualmark rating was too high"
3339121,149,"The Qualmark rating was too high"
3497323,134,"The Qualmark rating was too high"
3472920,155,"The Qualmark rating was too high"
3472902,147,"Generally poor standard"
3472920,158,"Poor value for money"
3472902,145,"Poor customer service"
3472902,146,"Poor standard of cleanliness/dirty"
3472920,154,"Poor/old facilities"
3473068,139,"Poor/old facilities"
3473068,140,"Too expensive"
3473068,141,"Poor customer service"
3473068,144,"Noisy"
3473238,151,"No free internet"
3473238,152,"No air-conditioning/heating inadequate"
3473068,142,"Generally poor standard"
3339203,135,"The Qualmark rating was too high"
3497420,166,"The Qualmark rating was too high"
3473068,143,"Poor value for money"
3497323,135,"Too expensive"
3339203,136,"Poor customer service"
3473238,148,"Poor/old facilities"
3473238,149,"Too expensive"
3473238,150,"Poor customer service"
3497420,167,"Too expensive"
3497420,169,"No air-conditioning/heating inadequate"
3497323,137,"No free internet"
3497420,171,"Another reason"
3497477,159,"The Qualmark rating was too high"
3339203,142,"Another reason"
3497513,134,"The Qualmark rating was too high"
3497420,170,"Poor value for money"
3497477,162,"Generally poor standard"
3497477,164,"Poor value for money"
3339203,139,"Generally poor standard"
3339203,141,"Poor value for money"
3497420,168,"Poor standard of cleanliness/dirty"
3497323,136,"Poor standard of cleanliness/dirty"
3497477,160,"Poor customer service"
3339203,137,"Poor standard of cleanliness/dirty"
3497513,139,"Another reason"
3497836,148,"Generally poor standard"
3497513,133,"Poor/old facilities"
3497513,135,"Too expensive"
3497513,136,"Poor standard of cleanliness/dirty"
3497836,147,"Poor customer service"
3497477,161,"No free internet"
3497477,163,"No air-conditioning/heating inadequate"
3339203,138,"No free internet"
3339203,140,"No air-conditioning/heating inadequate"
3497513,137,"No free internet"
3497836,151,"Another reason"
3497838,155,"Poor/old facilities"
3497838,156,"Too expensive"
3497838,157,"Poor customer service"
3497838,158,"Poor standard of cleanliness/dirty"
3497513,138,"Noisy"
3497836,149,"No air-conditioning/heating inadequate"
3497836,150,"Noisy"
3497838,159,"No free internet"
3497838,160,"No air-conditioning/heating inadequate"
3497838,162,"Noisy"
3497441,153,"No air-conditioning/heating inadequate"
3497441,155,"Noisy"
3497965,148,"No air-conditioning/heating inadequate"
3497441,150,"The Qualmark rating was too high"
3497965,145,"The Qualmark rating was too high"
3498045,171,"Another reason"
3497441,149,"Poor/old facilities"
3497441,151,"Poor customer service"
3497965,144,"Poor/old facilities"
3497965,146,"Poor standard of cleanliness/dirty"
3498045,166,"Poor customer service"
3498045,167,"Poor standard of cleanliness/dirty"
3498045,168,"No air-conditioning/heating inadequate"
3498045,170,"Noisy"
3498047,163,"No air-conditioning/heating inadequate"
3498056,136,"No free internet"
3498104,139,"No free internet"
3498104,140,"No air-conditioning/heating inadequate"
3497838,161,"Poor value for money"
3497441,152,"Generally poor standard"
3497441,154,"Poor value for money"
3497965,147,"Generally poor standard"
3498047,164,"Another reason"
3498056,138,"Another reason"
3498047,162,"Too expensive"
3498056,133,"Too expensive"
3498056,134,"Poor customer service"
3498056,135,"Poor standard of cleanliness/dirty"
3498104,137,"Poor/old facilities"
3498104,138,"Poor customer service"
3498045,169,"Poor value for money"
3498056,137,"Poor value for money"
3498104,141,"Poor value for money"
3498181,164,"The Qualmark rating was too high"
3498188,149,"The Qualmark rating was too high"
3498154,167,"Too expensive"
3498154,168,"Poor customer service"
3498181,165,"Poor standard of cleanliness/dirty"
3498188,148,"Poor/old facilities"
3498188,150,"Poor standard of cleanliness/dirty"
3498206,136,"Poor/old facilities"
3498154,170,"Generally poor standard"
3498188,152,"Generally poor standard"
3498188,153,"Poor value for money"
3498206,137,"Too expensive"
3498206,138,"Poor standard of cleanliness/dirty"
3498104,142,"Noisy"
3498154,169,"No free internet"
3498181,166,"No air-conditioning/heating inadequate"
3498188,151,"No free internet"
3498188,154,"Noisy"
3498206,139,"No free internet"
3498206,140,"No air-conditioning/heating inadequate"
3498206,141,"Noisy"
3501798,149,"No free internet"
3501798,150,"No air-conditioning/heating inadequate"
3498206,142,"Another reason"
3339280,148,"The Qualmark rating was too high"
3473217,139,"Another reason"
3339280,147,"Poor/old facilities"
3339280,149,"Poor customer service"
3473217,133,"Poor/old facilities"
3473217,134,"Too expensive"
3473217,135,"Poor standard of cleanliness/dirty"
3339280,151,"Poor value for money"
3473217,137,"Generally poor standard"
3339280,150,"No air-conditioning/heating inadequate"
3339280,152,"Noisy"
3473217,136,"No free internet"
3339746,132,"The Qualmark rating was too high"
3339746,133,"Poor customer service"
3339746,134,"Poor standard of cleanliness/dirty"
3339821,146,"Poor/old facilities"
3339821,147,"Poor customer service"
3339821,148,"Poor standard of cleanliness/dirty"
3339746,135,"Generally poor standard"
3339746,137,"Poor value for money"
3473217,138,"Noisy"
3339746,136,"No air-conditioning/heating inadequate"
3339821,149,"No free internet"
3339821,152,"Another reason"
3339821,151,"Noisy"
3462041,157,"No air-conditioning/heating inadequate"
3462041,159,"Noisy"
3497315,162,"No free internet"
3497315,164,"No air-conditioning/heating inadequate"
3497315,166,"Noisy"
3497316,145,"No free internet"
3462041,153,"Too expensive"
3462041,154,"Poor customer service"
3462041,155,"Poor standard of cleanliness/dirty"
3339821,150,"Generally poor standard"
3462041,156,"Generally poor standard"
3462041,160,"Another reason"
3497316,147,"No air-conditioning/heating inadequate"
3497334,164,"Poor/old facilities"
3497334,166,"Too expensive"
3497334,167,"Poor customer service"
3497334,168,"Poor standard of cleanliness/dirty"
3497316,149,"Another reason"
3497334,165,"The Qualmark rating was too high"
3497334,169,"No air-conditioning/heating inadequate"
3497441,156,"Another reason"
3497399,146,"The Qualmark rating was too high"
3497399,150,"Another reason"
3497399,147,"Too expensive"
3497399,148,"Poor standard of cleanliness/dirty"
3462157,152,"Poor/old facilities"
3462041,158,"Poor value for money"
3497315,163,"Generally poor standard"
3497315,165,"Poor value for money"
3497316,146,"Generally poor standard"
3497316,148,"Poor value for money"
3497399,149,"Poor value for money"
3497334,170,"Noisy"
3462157,157,"No free internet"
3462157,158,"No air-conditioning/heating inadequate"
3462157,153,"The Qualmark rating was too high"
3462157,161,"Another reason"
3462157,159,"Poor value for money"
3462157,154,"Too expensive"
3462157,155,"Poor customer service"
3462157,156,"Poor standard of cleanliness/dirty"
3462157,160,"Noisy"
3497484,170,"No free internet"
3497484,171,"No air-conditioning/heating inadequate"
3497484,172,"Poor value for money"
3497484,166,"Poor/old facilities"
3497484,167,"Too expensive"
3497484,168,"Poor customer service"
3497484,169,"Poor standard of cleanliness/dirty"
3462164,148,"Poor customer service"
3462164,149,"Poor standard of cleanliness/dirty"
3462164,150,"No free internet"
3497877,139,"No free internet"
3497877,141,"No air-conditioning/heating inadequate"
3497877,142,"Another reason"
3462164,151,"Generally poor standard"
3462164,152,"Poor value for money"
3497877,140,"Generally poor standard"
3497877,137,"Poor/old facilities"
3497877,138,"Poor customer service"
3462175,160,"No air-conditioning/heating inadequate"
3462175,159,"Generally poor standard"
3462175,161,"Poor value for money"
3462175,155,"The Qualmark rating was too high"
3462175,154,"Poor/old facilities"
3462175,156,"Too expensive"
3462175,157,"Poor customer service"
3462175,158,"Poor standard of cleanliness/dirty"
3462175,162,"Noisy"
3497925,169,"No air-conditioning/heating inadequate"
3497883,160,"No free internet"
3497883,161,"No air-conditioning/heating inadequate"
3497925,170,"Poor value for money"
3497925,166,"Poor/old facilities"
3497925,167,"Poor customer service"
3497925,168,"Poor standard of cleanliness/dirty"
3497883,159,"Too expensive"
3498110,164,"No free internet"
3498110,165,"Noisy"
3498211,138,"No free internet"
3498110,166,"Another reason"
3498110,162,"Poor/old facilities"
3498110,163,"Poor standard of cleanliness/dirty"
3498211,135,"Too expensive"
3498211,136,"Poor customer service"
3498211,137,"Poor standard of cleanliness/dirty"
3498211,141,"Noisy"
3497883,162,"Noisy"
3498211,139,"Generally poor standard"
3498211,140,"Poor value for money"
3498211,142,"Another reason"
3497883,163,"Another reason"
3462175,163,"Another reason"
3497900,147,"The Qualmark rating was too high"
3497900,146,"Poor/old facilities"
3497900,150,"No free internet"
3497900,152,"No air-conditioning/heating inadequate"
3497900,148,"Poor customer service"
3497900,149,"Poor standard of cleanliness/dirty"
3497900,151,"Generally poor standard"
3497900,153,"Another reason"
3497934,162,"No free internet"
3497934,163,"Noisy"
3498085,130,"No free internet"
3497934,161,"Poor/old facilities"
3498085,128,"Poor/old facilities"
3498085,129,"Poor customer service"
3498100,142,"Poor/old facilities"
3498100,144,"Too expensive"
3498100,143,"The Qualmark rating was too high"
3498118,151,"No free internet"
3498100,146,"Generally poor standard"
3498100,147,"Poor value for money"
3498118,152,"Generally poor standard"
3498100,148,"Another reason"
3498118,148,"The Qualmark rating was too high"
3503038,161,"No air-conditioning/heating inadequate"
3498118,153,"Poor value for money"
3498100,145,"Poor standard of cleanliness/dirty"
3498118,149,"Too expensive"
3498118,150,"Poor customer service"
3503038,159,"Too expensive"
3503038,160,"Poor customer service"
3498118,154,"Another reason"
3503038,158,"The Qualmark rating was too high"
3503038,162,"Noisy"
3497328,164,"No air-conditioning/heating inadequate"
3497328,161,"The Qualmark rating was too high"
3497328,165,"Another reason"
3497328,163,"Generally poor standard"
3497328,162,"Poor standard of cleanliness/dirty"
3497887,157,"No free internet"
3497887,154,"The Qualmark rating was too high"
3497887,155,"Too expensive"
3497887,156,"Poor customer service"
3497905,151,"Poor/old facilities"
3497905,152,"Poor customer service"
3497887,158,"Generally poor standard"
3497887,159,"Poor value for money"
3497887,160,"Noisy"
3497905,153,"No free internet"
3497905,155,"No air-conditioning/heating inadequate"
3497905,157,"Noisy"
3497955,131,"No free internet"
3497955,129,"Poor customer service"
3497955,130,"Poor standard of cleanliness/dirty"
3497905,154,"Generally poor standard"
3497905,156,"Poor value for money"
3497955,132,"Poor value for money"
3497955,133,"Noisy"
3497962,152,"No air-conditioning/heating inadequate"
3497962,148,"Poor/old facilities"
3497962,149,"Poor customer service"
3497962,150,"Poor standard of cleanliness/dirty"
3497964,151,"The Qualmark rating was too high"
3497962,151,"Generally poor standard"
3497962,153,"Poor value for money"
3497962,154,"Noisy"
3523974,159,"Noisy"
3497964,154,"No free internet"
3497964,155,"No air-conditioning/heating inadequate"
3523974,158,"Too expensive"
3497964,152,"Too expensive"
3497964,153,"Poor customer service"
3523974,157,"The Qualmark rating was too high"
3497964,156,"Noisy"
3498005,163,"No free internet"
3498007,167,"No free internet"
3498007,168,"No air-conditioning/heating inadequate"
3498005,161,"Poor/old facilities"
3498005,162,"Too expensive"
3498007,163,"Poor/old facilities"
3498007,165,"Poor customer service"
3498007,166,"Poor standard of cleanliness/dirty"
3498007,164,"The Qualmark rating was too high"
3498005,164,"Generally poor standard"
3524507,169,"No free internet"
3498007,170,"Noisy"
3498014,162,"Noisy"
3524507,168,"Poor/old facilities"
3498014,159,"Too expensive"
3498014,160,"Poor standard of cleanliness/dirty"
3498007,169,"Poor value for money"
3498014,161,"Generally poor standard"
3498007,171,"Another reason"
3498062,132,"Poor/old facilities"
3498062,133,"Poor standard of cleanliness/dirty"
3498014,163,"Another reason"
3498062,136,"Another reason"
3498062,134,"Generally poor standard"
3498062,135,"Poor value for money"
3498148,151,"No air-conditioning/heating inadequate"
3498148,148,"Too expensive"
3498148,149,"Poor standard of cleanliness/dirty"
3498148,147,"The Qualmark rating was too high"
3498148,150,"Generally poor standard"
3498148,152,"Noisy"
3524304,145,"No free internet"
